q_id,variable_name,city_scope,section,module,question_text,response_type,values_codes,required,skip_logic,derived_formula,hypothesis_linked,analysis_planned,comparable_blr_hyd
M1,meta_form_version,both,S0 Intro,meta,Version code (pre-filled — please don't change),short_answer_prefilled,HYD: V1=blind+DCE block1 | V2=blind+block2 | V3=branded+block1 | V4=branded+block2; BLR: B1=block1 | B2=block2,yes,none,,H7;H2-H5,Balance checks; arm/block assignment,structure
M2,meta_brand_arm,hyd,derived,meta,,derived,"blind (V1,V2) | branded (V3,V4)",,,from meta_form_version,H7,Arm comparison,no
M3,meta_dce_block,both,derived,meta,,derived,"1 (V1,V3,B1) | 2 (V2,V4,B2)",,,from meta_form_version,H2-H5,Choice model,yes
M4,meta_session_token,both,S0 Intro,meta,Session code (pre-filled — please don't change),short_answer_prefilled,UUID,no,none,,QC,Duplicate control EX05,yes
M5,meta_start_ts,both,S0 Intro,meta,Start code (pre-filled — please don't change),short_answer_prefilled,epoch ms from link randomiser,no,none,,QC,Duration for EX02,yes
M6,meta_source,both,S0 Intro,meta,Source code (pre-filled — please don't change),short_answer_prefilled,utm_source string,no,none,,QC,Channel caps; sensitivity,yes
M6b,meta_campaign,both,S0 Intro,meta,Campaign code (pre-filled — please don't change),short_answer_prefilled,utm_campaign string,no,none,,QC,Channel/campaign sensitivity,yes
M7,meta_submit_ts,both,system,meta,,google_forms_timestamp,datetime IST,,,,QC,Duration = meta_submit_ts − meta_start_ts,yes
M8,meta_duration_sec,both,derived,meta,,derived,seconds,,,(meta_submit_ts − meta_start_ts)/1000,QC,EX02 speeder,yes
C1,meta_consent,both,S0 Intro,screener,"I have read the information above, I am 18 or older, and I agree to take part.",multiple_choice,"1=Yes, I agree | 0=No",yes,0 → submit/end section,,—,Screen-out count,yes
S1,scr_age_band,both,S1 Screener,screener,How old are you?,multiple_choice,1=Under 20 | 2=20–22 | 3=23–25 | 4=26–28 | 5=29–30 | 6=Over 30,yes,1 or 6 → end,,H6,Sample description,yes
S2,scr_area,both,S1 Screener,screener,"HYD: Which area do you live, study or work in on most days? If more than one, choose where you usually get food delivered. | BLR: Which area of Bengaluru do you usually get food delivered to?",multiple_choice,HYD: 1=Gachibowli | 2=Financial District / Nanakramguda | 3=Kondapur | 4=Madhapur / HITEC City | 5=Manikonda | 6=Narsingi / Kokapet | 7=Serilingampally / Chandanagar | 8=Tellapur / Nallagandla | 90=Somewhere else in Hyderabad | 99=I don't live/study/work in Hyderabad ; BLR: 1=Koramangala | 2=HSR Layout | 3=BTM Layout | 4=Indiranagar / Domlur | 5=Whitefield / Marathahalli / Bellandur | 6=Electronic City | 7=JP Nagar / Jayanagar / Banashankari | 8=Hebbal / Yelahanka / Manyata | 9=Malleshwaram / Rajajinagar | 10=Other area of Bengaluru | 99=Not in Bengaluru,yes,HYD 90 or 99 → end; BLR 99 → end,derived blr_pilot_area = scr_area in (1;2;3),H9,Locality quota; pilot-area flag,no (city-specific codes)
S3,scr_orders_4wk,both,S1 Screener,screener,"In the last 4 weeks, about how many times did you order food for delivery through any app? Count each order once.",multiple_choice,0=None | 1=1–3 times | 2=4–7 times | 3=8–15 times | 4=16 or more times,yes,0 → end,seg_freq: 1=occasional; 2=regular; 3 or 4=frequent,H1.6;H6.4,Frequency quota; segment cuts,yes
S4,scr_coi,both,S1 Screener,screener,"Do you work for a food-delivery, quick-commerce or restaurant-aggregator company, or in market research?",multiple_choice,1=Yes | 0=No,yes,1 → end,,—,Screen-out count,yes
S5,scr_repeat,both,S1 Screener,screener,Have you already filled in this survey before (any version)?,multiple_choice,1=Yes | 0=No,yes,1 → end,,QC,EX05,yes
D1,seg_occupation_raw,both,S2 About you,demographics,Which best describes you right now?,multiple_choice,1=Full-time student (undergraduate) | 2=Full-time student (postgraduate / PhD) | 3=Working full-time | 4=Studying and working (incl. internships / part-time jobs) | 5=Other / between jobs,yes,"1,2,4 → D2; 3 → D3; 5 → D4",seg_occupation: 1;2=student | 3=working_professional | 4=working_student | 5=other,H6,Primary segment,yes
D2,dem_institution,both,S2 About you,demographics,HYD: Where do you study? | BLR: Where do you study?,multiple_choice,HYD: 1=IIIT Hyderabad | 2=University of Hyderabad | 3=ISB | 4=Another college near Gachibowli | 5=Elsewhere / online ; BLR: 1=A college/university in Bengaluru | 5=Elsewhere / online,yes (if shown),→ D4 (students) ; → D3 (option 4 of D1),FLAG_iiith = HYD code 1,QC,IIIT-H cap and sensitivity,no
D3,dem_work_sector,both,S2 About you,demographics,Which best describes where you work?,multiple_choice,"1=IT / software product or services | 2=Global capability centre, consulting or finance | 3=Other corporate | 4=Startup | 5=Government / PSU | 6=Other",yes (if shown),→ D4,,H6,Sample description,yes
D4,dem_living,both,S2 About you,demographics,Where do you currently live?,multiple_choice,1=Hostel | 2=PG / co-living | 3=Shared flat with friends or flatmates | 4=With family | 5=Alone in a rented place | 6=Other,yes,none,,H6;H9,Control variable; composition check,yes
D5,dem_delivery_spend_month,both,S2 About you,demographics,Roughly how much do you personally spend on food delivery in a typical month?,multiple_choice,"1=Less than ₹1,000 | 2=₹1,000–2,499 | 3=₹2,500–4,999 | 4=₹5,000–9,999 | 5=₹10,000 or more | 98=Prefer not to say",yes,none,,H6.4,Commercial value by segment,yes
D6,dem_gender,hyd,S2 About you,demographics,What is your gender?,multiple_choice,1=Woman | 2=Man | 3=Non-binary / other | 98=Prefer not to say,no,none,,—,Sample description only,no
B0,beh_unaided_apps,both,S3 Your last order,awareness,"Which food-delivery apps can you think of, even ones you don't use? Type as many as come to mind.",paragraph,open text,yes,none,"own_aware_unaided = text mentions ownly/ownli/own-ly/rapido food (coded by 2 people); HYD_UNAWARE excludes own_aware_unaided=1 OR own_aware_aided in (1,2) OR Ownly/Rapido-food selected in beh_last_platform / beh_platforms_used_4wk / beh_platform_primary",H7;H11.3,Contamination control (HYD_UNAWARE),yes
B1,beh_last_order_when,both,S3 Your last order,behaviour,"When did you place your most recent food-delivery order? If you can, check your order history.",multiple_choice,1=Today | 2=Yesterday | 3=2–3 days ago | 4=4–7 days ago | 5=1–2 weeks ago | 6=2–4 weeks ago | 7=More than 4 weeks ago,yes,none,,QC,EX06 coherence with scr_orders_4wk,yes
B2,beh_last_platform,both,S3 Your last order,behaviour,Which app or channel did you use for that order?,multiple_choice,1=Swiggy | 2=Zomato | 3=Ownly app | 4=Rapido app (food section) | 5=Toing | 6=Magicpin | 7=EatSure | 8=Restaurant's own app / website / phone | 9=Other,yes,none,own_via_rapido = 4; ownly_any = 3 or 4,H9,Platform share of last order,yes
B3,beh_last_meal,both,S3 Your last order,behaviour,Which meal was it?,multiple_choice,1=Breakfast | 2=Lunch | 3=Evening snack | 4=Dinner | 5=Late night (after 11 pm),yes,none,,H3.3,Occasion mix,yes
B6,beh_last_people,both,S3 Your last order,behaviour,How many people was that order for?,multiple_choice,1=Just me | 2=2 people | 3=3–4 people | 4=5 or more,yes,none,,H6.4,Basket context,yes
B7,beh_last_food,both,S3 Your last order,behaviour,What kind of food was it mainly?,multiple_choice,1=Biryani | 2=South Indian | 3=North Indian | 4=Chinese / Asian | 5=Pizza / burgers / fast food | 6=Healthy / salads / bowls | 7=Desserts / beverages / cafe | 8=Other,yes,none,,H9.5;H10,Cuisine mix; audit frame check,yes
B8,beh_last_restaurant_type,both,S3 Your last order,behaviour,Which best describes the restaurant?,multiple_choice,1=Well-known chain | 2=Local / independent restaurant | 3=Delivery-only brand / cloud kitchen | 4=Not sure,yes,none,,H10,Assortment type,yes
B9,beh_last_order_total,both,S3 Your last order,behaviour,"What was the final amount you paid for that order, including all charges and after any discount? (₹, approximate is fine)",short_answer_number,integer ₹ 0–10000,yes,none,flag <50 or >5000 (EX06),H2.3;H6.4,"Median, IQR, bootstrap CI; by segment",yes
B10,beh_last_total_recall,both,S3 Your last order,behaviour,How sure are you about that amount?,multiple_choice,1=I checked the app | 2=Fairly sure | 3=It's a rough guess,yes,none,,QC,Sensitivity: checked-only,yes
B11,beh_last_discount,both,S3 Your last order,behaviour,Did that order use a discount or membership benefit?,multiple_choice,"1=Yes, a coupon or offer | 2=Yes, a membership benefit (e.g. free delivery) | 3=Both | 4=No | 5=Not sure",yes,none,,H1.5,Offer use,yes
B12,beh_last_fees_noticed,both,S3 Your last order,behaviour,Which charges do you remember seeing on that bill? Select all that apply.,checkboxes,delivery fee | platform fee | packaging charge | small-order fee | rain / surge fee | taxes / GST | tip | donation | none of these | don't remember,yes,none,one 0/1 column per option,H1,Fee salience,yes
B13,dec_last_reasons,both,S3 Your last order,decision,Why did you use that app for that order? Select up to 3.,checkboxes_max3,had the restaurant or dish I wanted | lowest final price | a discount or offer | fastest delivery time | it's the app I always use | my membership benefits | reliable in my experience | easy to use | better support or refunds | good ratings / reviews | other,yes,validation: at most 3; shuffle options,one 0/1 column per option,H1.2;RQ2,Decision criteria ranking by segment,yes
H1,beh_weekday_weekend,hyd,S4 Habits and apps,behaviour,Are most of your delivery orders on weekdays or weekends?,multiple_choice,1=Mostly weekdays | 2=About equal | 3=Mostly weekends,yes,none,,RQ2,Occasion profile,no
H2,beh_meal_occasions,hyd,S4 Habits and apps,behaviour,For which meals do you usually order delivery? Select all that apply.,checkboxes,breakfast | lunch | evening snacks | dinner | late night,yes,none,one 0/1 column per option,H3.3,Occasion heatmap,no
H3,beh_platforms_used_4wk,both,S4 Habits and apps,behaviour,Which apps or channels have you ordered food delivery from in the last 4 weeks? Select all that apply.,checkboxes,Swiggy | Zomato | Ownly app | Rapido app (food section) | Toing | Magicpin | EatSure | restaurant direct | other,yes,none,beh_platform_count = number selected; beh_multihome = 1 if count ≥ 2; multihome5 = 5 if count ≥ 2 else 1,H9.4;SRI,Multi-homing rate,yes
H4,beh_platform_primary,both,S4 Habits and apps,behaviour,Which one do you use most?,multiple_choice,1=Swiggy | 2=Zomato | 3=Ownly app | 4=Rapido app (food section) | 5=Toing | 6=Magicpin | 7=EatSure | 8=Restaurant direct | 9=Other,yes,none,,RQ2,Primary platform share,yes
H5,beh_subscriptions,both,S4 Habits and apps,behaviour,Which food-delivery memberships do you have right now? Select all that apply.,checkboxes,Swiggy One (any plan) | Zomato Gold | another food-delivery membership | none | not sure,yes,none,beh_any_subscription = 1 if Swiggy One or Zomato Gold or other,H9.4;AS14,Lock-in; fee WTP cut,yes
H6,beh_offer_dependency,both,S4 Habits and apps,behaviour,"Think about your last 10 delivery orders. Roughly how many used a coupon, offer or membership discount?",multiple_choice,1=0–1 | 2=2–4 | 3=5–7 | 4=8–10 | 98=Don't know,yes,none,high_offer_dependency = 3 or 4,H1.5;H2.4,Proportion + CI; cross-tab bill_s2,yes
H7,dec_habit_lock,both,S4 Habits and apps,decision,"How much do you agree: ""I usually open the same app and order, without checking other apps.""",linear_scale_1_5,1=Strongly disagree | 2=Disagree | 3=Neither | 4=Agree | 5=Strongly agree,yes,none,reversed in SRI: 6 − value,H9.4;SRI,Lock-in,yes
H8,beh_compare_freq,both,S4 Habits and apps,behaviour,"In the last 4 weeks, how often did you compare the price of the same order on two or more apps?",multiple_choice,1=Never | 2=Rarely | 3=Sometimes | 4=Often | 5=Very often,yes,none,,H1;H9.4,Comparison behaviour,yes
H9,beh_switched_primary_12m,both,S4 Habits and apps,behaviour,"In the last 12 months, did you change which app you use most for food delivery?",multiple_choice,1=Yes | 0=No | 98=Not sure,yes,1 → H10; else → S5,,RQ3,Past real switching rate,yes
H10,beh_switch_reason,both,S4 Habits and apps,behaviour,What made you change? What happened?,paragraph,open text,no,none,coded inductively,RQ3;H1;H4,Real switching triggers (coded),yes
P0,pain_unaided_frustration,both,S5 Frustrations,pain,In a sentence or two: what is the most annoying thing about ordering food delivery for you right now?,paragraph,open text,no,none,coded inductively (price / reliability / assortment / support / quality / other),H1.2 robustness,Unaided pain coding,yes
P1,pain_fee_reconsider_freq,both,S5 Frustrations,pain,"[Grid intro: In the last 4 weeks, how often did each of these happen to you?] The charges added at checkout (fees, packaging, etc.) made me reconsider or change my order",grid_row,1=Never | 2=Rarely | 3=Sometimes | 4=Often | 5=Very often,yes,grid; row order may be shuffled; column order never,PPI item; H1.1 binary = value ≥ 3,H1.1;PPI,Wilson CI; diverging Likert,yes
P2,pain_bill_unreasonable_freq,both,S5 Frustrations,pain,[same grid] The final amount felt unreasonable for the food I ordered,grid_row,1=Never | 2=Rarely | 3=Sometimes | 4=Often | 5=Very often,yes,grid,PPI item,H1;PPI,Diverging Likert,yes
P3,beh_abandon_price_freq,both,S5 Frustrations,pain,[same grid] I left without placing an order after seeing the final amount,grid_row,1=Never | 2=Rarely | 3=Sometimes | 4=Often | 5=Very often,yes,grid,PPI item; H1.4 binary = value ≥ 2,H1.4;PPI,Wilson CI,yes
P4,pain_late_freq,both,S5 Frustrations,pain,[same grid] My order arrived noticeably later than the time shown,grid_row,1=Never | 2=Rarely | 3=Sometimes | 4=Often | 5=Very often,yes,grid,,H4;H1.2,Reliability pain,yes
P5,pain_cancel_freq,both,S5 Frustrations,pain,[same grid] My order was cancelled by the app or the restaurant,grid_row,1=Never | 2=Rarely | 3=Sometimes | 4=Often | 5=Very often,yes,grid,,H4,Reliability pain,yes
P6,att_check_1,both,S5 Frustrations,quality,"[same grid] To show you are reading carefully, please select ""Rarely"" for this row",grid_row,correct = 2,yes,grid,EX03 if ≠ 2,QC,Attention check,yes
P7,pain_wrong_item_freq,both,S5 Frustrations,pain,[same grid] Items were missing or wrong,grid_row,1=Never | 2=Rarely | 3=Sometimes | 4=Often | 5=Very often,yes,grid,,H4;H12,Accuracy pain,yes
P8,pain_restaurant_unavailable_freq,both,S5 Frustrations,pain,"[same grid] A restaurant I wanted was closed, unavailable or not listed",grid_row,1=Never | 2=Rarely | 3=Sometimes | 4=Often | 5=Very often,yes,grid,,H10;H5,Assortment pain,yes
P9,pain_quality_freq,both,S5 Frustrations,pain,[same grid] There was a problem with food quality or hygiene,grid_row,1=Never | 2=Rarely | 3=Sometimes | 4=Often | 5=Very often,yes,grid,,H4,Quality pain,yes
P10,pain_menu_markup_belief,both,S5 Frustrations,pain,"How much do you agree: ""Menu prices on delivery apps are usually higher than the price at the restaurant itself.""",linear_scale_1_5_plus_dk,1=Strongly disagree | 2=Disagree | 3=Neither | 4=Agree | 5=Strongly agree | 98=Don't know,yes,none,PPI item (98 → missing); H1.3 top-2 = 4 or 5,H1.3;PPI,Wilson CI vs audit,yes
P11,pain_top_frustrations,both,S5 Frustrations,pain,Which of these frustrate you most about food delivery today? Select up to 3.,checkboxes_max3,"delivery fees | platform, packaging or other charges | menu prices higher than at the restaurant | offers that don't really save money | late delivery | cancelled orders | wrong or missing items | getting refunds or help from support | the restaurant I want isn't available | food quality or hygiene | problems with the delivery partner (handover, calls, directions) | nothing really frustrates me",yes,validation: at most 3; shuffle options except last,price_set = any of first 4; reliability_set = late or cancelled,H1.2,McNemar price_set vs reliability_set,yes
P12,pain_incidents_3m,both,S5 Frustrations,pain,"In the last 3 months, did any of these happen to you? Select all that apply.",checkboxes,an order arrived more than 20 minutes late | an order was cancelled after I paid | I asked for a refund | a refund took more than 3 days or was refused | a support issue was not resolved | none of these,yes,no branch (checkbox); P13 always shown,pain_incident_any_3m = 1 if any except none,H4.3,RSS by incident,yes
P13,pain_refund_outcome,both,S5 Frustrations,pain,How was your most recent refund request resolved?,multiple_choice,"1=Full refund within 24 hours | 2=Full refund, but slower | 3=Partial refund or coupon only | 4=Refused or no resolution | 5=Still pending | 0=I haven't asked for a refund in the last 3 months",yes,always shown (Google Forms cannot branch on checkboxes P12); consistency check vs P12 'I asked for a refund',,H4.2,Refund experience,yes
E1,exp_eta_max_lunch,both,S6 Expectations,expectations,"For a weekday LUNCH order, what is the longest delivery time you would normally accept before choosing something else?",multiple_choice,15 | 20 | 30 | 40 | 50 | 60 | 75=More than 60 minutes | 98=I don't order lunch,yes,none,minutes (98 → missing),H3.2;H3.3,Median + Wilcoxon vs dinner,yes
E2,exp_eta_max_dinner,both,S6 Expectations,expectations,"For a weekday DINNER order, what is the longest delivery time you would normally accept before choosing something else?",multiple_choice,15 | 20 | 30 | 40 | 50 | 60 | 75=More than 60 minutes | 98=I don't order dinner,yes,none,minutes (98 → missing),H3.2;H3.3;D4 scorecard,Median + CI,yes
E3,exp_late_tolerance,both,S6 Expectations,expectations,"Out of 10 orders on an app, how many arriving 15+ minutes late would make you stop using that app?",multiple_choice,1=1 | 2=2 | 3=3 | 4=4 | 5=5 or more | 99=Lateness alone wouldn't make me stop,yes,none,,H4,Reliability expectation,yes
E4,exp_fav_restaurant_needed,both,S6 Expectations,expectations,"Before trying a new food-delivery app, how many of your usual restaurants would need to be on it?",multiple_choice,1=None — I'd happily try new places | 2=A few | 3=About half | 4=Most | 5=All or nearly all,yes,none,ADI = (value − 1)/4 × 100; H10.1 = ADI ≥ 75,H10.1;ADI,Wilson CI,yes
E5,exp_restaurant_types_needed,both,S6 Expectations,expectations,Which kinds of restaurants would a new app need to have for you to use it? Select all that apply.,checkboxes,my specific favourite restaurants | well-known chains | good local restaurants near me | budget options (meals under ₹200) | premium restaurants | healthy options | late-night options | none of these matter much,yes,shuffle except last,one 0/1 column per option,H10.2,Proportions by segment; chi-square,yes
E6,exp_refund_expectation,both,S6 Expectations,expectations,"If a delivery order goes wrong, which is closest to what you expect?",multiple_choice,"1=Automatic refund within 24 hours, without having to argue | 2=A refund within 2–3 days after I raise a complaint | 3=A credit or coupon is fine | 4=I don't expect much",yes,none,,H4.2,Refund expectation,yes
E7,exp_instructions_importance,hyd,S6 Expectations,expectations,"How important is it that the delivery partner follows your delivery instructions (e.g. gate, hostel desk, calling first)?",linear_scale_1_5,1=Not important | 2 | 3 | 4 | 5=Extremely important,yes,none,,H6;H10,Handoff expectation by living type,no
E8,exp_quality_concern_cheap,hyd,S6 Expectations,expectations,"How much do you agree: ""I worry about food quality or hygiene when a delivery option is cheaper than usual.""",linear_scale_1_5,1=Strongly disagree | 2 | 3 | 4 | 5=Strongly agree,yes,none,,H4;AS15,Cheapness-quality inference,no
E9,beh_switch_savings_required,both,S6 Expectations,switching,"Think of a typical order of yours. How much lower would the final amount need to be, every time, for you to make a different app your main one?",multiple_choice,10=₹10 | 20=₹20 | 30=₹30 | 50=₹50 | 75=₹75 | 100=₹100 or more | 0=No amount — price alone wouldn't make me switch | 98=Don't know,yes,none,numeric ₹ (0 and 98 → separate flags: switch_price_never = code 0),H2.3;D2 scorecard,Distribution vs audit median saving,yes
X1,bill_s1,both,S7 Bill scenarios,experiment,See 03_hyderabad_survey/bill_comparison_scenarios.md (transparency at identical totals),multiple_choice,1=Bill 1 (first shown) | 2=Bill 2 | 3=No real difference to me (mapping of Bill 1/2 to simple/itemised or discount/no-discount depends on version order; see bill_comparison_scenarios.md),yes,none,bill_s1_transparent = choice of simple bill,H2.2,Binomial vs 50%,optional
X2,bill_s2,both,S7 Bill scenarios,experiment,See bill_comparison_scenarios.md (discount framing at identical totals),multiple_choice,1=Bill 1 (first shown) | 2=Bill 2 | 3=No real difference to me (mapping of Bill 1/2 to simple/itemised or discount/no-discount depends on version order; see bill_comparison_scenarios.md),yes,none,bill_s2_discount_framed = choice of discount bill,H2.4,Binomial; cross-tab offer dependency,optional
X3,bill_s3,hyd,S7 Bill scenarios,experiment,See bill_comparison_scenarios.md (lower total vs usual app),multiple_choice,1=Bill 1 (first shown) | 2=Bill 2 (mapping to usual/new app depends on version order),yes,none,,H2,Choice share + CI,no
X4,bill_s4,hyd,S7 Bill scenarios,experiment,See bill_comparison_scenarios.md (lower total but slower/lower rating),multiple_choice,1=Bill 1 (first shown) | 2=Bill 2 (mapping to usual/new app depends on version order),yes,none,,H2;H3,Choice share + CI,no
X5,dce_t1 … dce_t6,hyd,S8 Choice tasks,experiment,See 03_hyderabad_survey/choice_experiment_design.md and dce_design_matrix.csv,multiple_choice,1=App A | 2=App B (3=neither only if design justifies),yes,none,long format fact_dce_long; RSS from price_vs_reliability tasks,H2.1;H3.1;H4.1;H4.2;H5.1;H5.2;H6.3,Conditional logit / task shares,no
X6,dce_dom,hyd,S8 Choice tasks,quality,Dominance check task (see design),multiple_choice,1=App A | 2=App B,yes,none,FLAG_dominance_fail,QC,Sensitivity,no
K0,concept_text_shown,hyd (blr unaware only),S9 New service,experiment,"BLIND (V1,V2; BLR unaware): ""Service X is a food-delivery app where the food prices shown are the restaurant's own prices, and the checkout shows a single delivery charge instead of separate platform, packaging or other fees. Restaurants on it do not pay the app a commission on each order. The delivery time and the number of restaurants available vary by area."" | BRANDED (V3,V4): identical text with ""Service X"" replaced by ""Ownly, the food-delivery service from Rapido,""",text_block,—,—,—,,H7,Stimulus (must match interview card),hyd
K1,bt_appeal,hyd (blr unaware),S9 New service,concept,How appealing is this for your own food orders?,linear_scale_1_5,1=Not at all appealing | 2 | 3 | 4 | 5=Extremely appealing,yes,none,,H2.5;H7,Arm comparison,partial
K2,bt_trial_intent,hyd (blr unaware),S9 New service,concept,"If it were available where you are, how likely are you to try it for one of your next few orders?",multiple_choice,1=Definitely not | 2=Probably not | 3=Not sure | 4=Probably | 5=Definitely,yes,none,top-box = 5; top-2 = 4 or 5; SRI component,H2.5;H7.1;H11;SRI,Mann-Whitney by arm; top-box CI,partial
K3,bt_trust,hyd (blr unaware),S9 New service,concept,How much would you trust it with your order and payment?,linear_scale_1_5,1=Not at all | 2 | 3 | 4 | 5=Completely,yes,none,,H7,Arm comparison,partial
K4,bt_expected_reliability,hyd (blr unaware),S9 New service,concept,How often would you expect orders from it to arrive on time?,multiple_choice,1=Rarely | 2=Sometimes | 3=About half the time | 4=Mostly | 5=Almost always | 98=No idea,yes,none,,H7.2,Arm comparison,partial
K5,bt_expected_price,hyd (blr unaware),S9 New service,concept,"Compared with the app you use most, what would you expect the final amount for the same order to be?",multiple_choice,1=Much higher | 2=A bit higher | 3=About the same | 4=A bit lower | 5=Much lower | 98=Don't know,yes,none,,H2;H7,Proposition credibility,partial
K6,bt_concern,hyd (blr unaware),S9 New service,concept,"What, if anything, would stop you from trying it?",paragraph,open text,no,none,coded inductively,H10;H4;H7,Barrier themes,partial
K7,bt_framing_pref,hyd,S9 New service,concept,Which of these messages would most make you take a look at a new food-delivery app?,multiple_choice,1=Same dinner. Smaller final bill. | 2=See the real price. Pay that price. | 3=A fair price only counts if dinner arrives. | 4=None of these would,yes,shuffle options 1–3,,H11.1,Share per framing vs fake-door ranking,no
W1,wtp_start;wtp_accept_0 … wtp_accept_60,both,S10 Delivery fee,experiment,See 03_hyderabad_survey/wtp_gabor_granger_design.md,multiple_choice per fee section,"1=Yes, I would order | 0=No",yes (if shown),branching ladder,wtp_max_fee = highest accepted fee given monotone answers; NA if non-monotone,H8.1;H8.2;H6.2,Acceptance curve; median fee; elasticity,yes
R0,reveal_text,hyd,S11 About the service,experiment,"BLIND arms: ""The service you just read about is Ownly, a food-delivery service from Rapido (the bike-taxi and auto app)."" | BRANDED arms: ""As mentioned, this service is Ownly from Rapido.""",text_block,—,—,—,,H7,Stimulus,no
R1,br_trial_intent,hyd (blind arms only),S11 About the service,brand,"Now that you know it is Ownly from Rapido: if it were available where you are, how likely are you to try it for one of your next few orders?",multiple_choice,1=Definitely not | 2=Probably not | 3=Not sure | 4=Probably | 5=Definitely,yes (if shown),"shown only in V1,V2 (separate section)",,H7.4,Wilcoxon vs bt_trial_intent,no
R2,br_trust,hyd (blind arms only),S11 About the service,brand,Now that you know it is Ownly from Rapido: how much would you trust it with your order and payment?,linear_scale_1_5,1=Not at all | 2 | 3 | 4 | 5=Completely,yes (if shown),V1 and V2 only,,H7.4,Wilcoxon,no
R3,br_expected_reliability,hyd (blind arms only),S11 About the service,brand,Now that you know it is Ownly from Rapido: how often would you expect orders to arrive on time?,multiple_choice,1=Rarely | 2=Sometimes | 3=About half the time | 4=Mostly | 5=Almost always | 98=No idea,yes (if shown),V1 and V2 only,,H7.4,Wilcoxon,no
R4,br_rapido_effect,hyd,S11 About the service,brand,Does it being from Rapido make you more or less likely to try it?,multiple_choice,1=Much less likely | 2=Somewhat less likely | 3=No difference | 4=Somewhat more likely | 5=Much more likely,yes,none,,H7,Direct brand attribution (secondary to arm test),no
R5,br_rapido_effect_why,hyd,S11 About the service,brand,Why? (optional),paragraph,open text,no,none,coded inductively,H7.3,Brand spillover themes,no
R6,dem_rapido_ride_use,both,S11 About the service,brand,"In the last 3 months, how often have you taken a Rapido ride (bike, auto or cab)?",multiple_choice,"0=Never used Rapido | 1=Used before, but not in the last 3 months | 2=1–3 times | 3=4–10 times | 4=More than 10 times",yes,0 → skip R7,,H7.3;AS12,Moderator,yes
R7,dem_rapido_ride_experience,both,S11 About the service,brand,"Overall, how has your experience with Rapido rides been?",linear_scale_1_5,1=Very poor | 2 | 3 | 4 | 5=Very good,yes (if shown),none,rapido_exp_group: 1-2=negative; 3=neutral; 4-5=positive; R6=0 → none,H7.3,Moderator,yes
O1,own_aware_aided,both,S12 Ownly awareness,ownly,"Before today, had you heard of Ownly (the food-delivery service from Rapido)?",multiple_choice,"2=Yes, clearly | 1=I think so | 0=No",yes,0 → HYD: S14 wrap-up; BLR: unaware branch (concept K0–K6 then S8/S10),own_aware_any = 1 or 2 OR own_aware_unaided = 1,H11.3;H7;H9,Awareness funnel,yes
O2,own_aware_duration,both,S12 Ownly awareness,ownly,When did you first hear about it?,multiple_choice,1=In the last 2 weeks | 2=2–4 weeks ago | 3=1–3 months ago | 4=More than 3 months ago | 98=Don't remember,yes (if shown),none,aware_2wk_plus = 2;3;4,H11.3,Aware→tried denominator,yes
O3,own_aware_source,both,S12 Ownly awareness,ownly,Where did you hear about it? Select all that apply.,checkboxes,Rapido app | Instagram / YouTube | friends or colleagues | posters / outdoor ads | news / LinkedIn | a restaurant | a delivery partner | other,yes (if shown),none,one 0/1 column per option,H9;AS12,Acquisition channels,yes
O4,own_tried,both,S12 Ownly awareness,ownly,Have you ever placed an order on Ownly (in the Ownly app or inside the Rapido app)?,multiple_choice,"2=Yes | 1=No, but I've opened or browsed it | 0=No",yes (if shown),2 → S13 Ownly users; 0/1 → O5,own_tried_bin = 2,H11.3;H12,Aware→tried conversion,yes
O5,own_not_tried_reason,both,S12 Ownly awareness,ownly,What are the main reasons you haven't ordered on it? Select up to 3.,checkboxes_max3,happy with my current app | my usual restaurants weren't on it | not available at my location | didn't trust a new app yet | expected slow delivery | didn't see real savings | no offers or discounts | didn't know how to access it | the payment method I use (e.g. cash on delivery or a meal card) isn't accepted | haven't got round to it | other,yes (if shown),validation ≤3; shuffle; HYD → O6 → S14 wrap-up; BLR → O6 → S13 Rapido + wrap-up,one 0/1 column per option,H10;H11.3;H9.4,Barrier ranking,yes
O6,own_trust,both,S12/S13,ownly,"From what you know or have experienced, how much do you trust Ownly with your orders and payments?",linear_scale_1_5,1=Not at all | 2 | 3 | 4 | 5=Completely,yes (if aware),none,"single variable; asked in S12c (aware non-triers) or S13b (triers), mutually exclusive branches; merge = S13b value if own_tried=2 else S12c value; orphan → FLAG_own_trust_orphan",H12.1;H7,Trust,yes
U1,own_first_order_month,both,S13 Ownly users,ownly_user,When did you place your first Ownly order?,multiple_choice,1=This month | 2=Last month | 3=2–3 months ago | 4=4–6 months ago | 5=More than 6 months ago,yes,none,tenure_band: 1-2=≤1m; 3=2-3m; 4-5=>3m,H9 maturity confound;H12,Tenure control,yes
U2,own_first_trial_trigger,both,S13 Ownly users,ownly_user,What made you place your first Ownly order?,multiple_choice,1=A launch offer or discount | 2=I saw lower prices than other apps | 3=No platform or packaging charges | 4=A friend or colleague recommended it | 5=I found it in the Rapido app | 6=A restaurant I like was on it | 7=Curiosity | 8=My usual app had a problem | 9=Other,yes,none,offer_trigger = 1,H12.4;RQ8,Trigger distribution,yes
U3,own_choose_reasons,both,S13 Ownly users,ownly_user,Why do you choose Ownly when you do? Select up to 3.,checkboxes_max3,lower final price | no extra charges | a restaurant I wanted | delivery speed | reliability | offers | I already use Rapido | easy app | other,yes,validation ≤3; shuffle,one 0/1 column per option,H9.1;RQ8,Driver ranking; rank concordance with HYD pain,yes
U4,own_orders_4wk,both,S13 Ownly users,ownly_user,How many Ownly orders have you placed in the last 4 weeks?,multiple_choice,0=None | 1=1 | 2=2–3 | 3=4–7 | 4=8 or more,yes,last question of S13a: 0 → S13c lapse reasons (U15) → S13b; else → S13b,own_repeat = 1 if value ≥ 2; own_lapsed = 1 if value = 0,H12,Repeat outcome,yes
U5,own_share_of_orders,both,S13 Ownly users,ownly_user,"Of all your food-delivery orders in the last 4 weeks, how many were on Ownly?",multiple_choice,0=None | 1=A few | 2=About half | 3=Most | 4=All,yes,none,,H12.3,Share of wallet,yes
U6,own_last_total,both,S13 Ownly users,ownly_user,"What was the final amount of your most recent Ownly order? (₹, approximate is fine)",short_answer_number,integer ₹ 0–10000,no,none,,H2,Ownly AOV,yes
U7,own_perceived_savings,both,S13 Ownly users,ownly_user,"Compared with ordering the same thing on the app you'd otherwise use, your most recent Ownly order was:",multiple_choice,1=Much more expensive | 2=A bit more expensive | 3=About the same | 4=A bit cheaper | 5=Much cheaper | 98=I didn't compare,yes,none,98 → missing (share reported),H12.1;H2,Predictor,yes
U8,own_known_savings,both,S13 Ownly users,ownly_user,If you did compare: roughly how many rupees did you save? Type a negative number if Ownly was more expensive. Leave blank if you didn't compare.,short_answer_number,integer ₹ −2000 to 2000,no,none,,H2.3,Consumer-reported savings (vs audit),yes
U9,own_reliability_rating,both,S13 Ownly users,ownly_user,How often have your Ownly orders arrived on time?,multiple_choice,1=Rarely | 2=Sometimes | 3=About half the time | 4=Mostly | 5=Always,yes,none,on_time_most = 4 or 5,H12.1;D4 scorecard,Predictor,yes
U10,own_found_restaurants,both,S13 Ownly users,ownly_user,How often did you find the restaurant you wanted on Ownly?,multiple_choice,1=Rarely | 2=Sometimes | 3=About half the time | 4=Mostly | 5=Always,yes,none,,H12.1;H12.3;H10,Predictor,yes
U11,own_order_accuracy,both,S13 Ownly users,ownly_user,How often were your Ownly orders complete and correct?,multiple_choice,1=Rarely | 2=Sometimes | 3=About half the time | 4=Mostly | 5=Always,yes,none,,H12.1,Predictor,yes
U12,own_eta_vs_other,both,S13 Ownly users,ownly_user,"Compared with the other app you use, Ownly delivery is usually:",multiple_choice,1=Much slower | 2=A bit slower | 3=About the same | 4=A bit faster | 5=Much faster | 98=Don't know,yes,none,,H3;H9.3,Perceived ETA gap,yes
U13,own_issues_3m,both,S13 Ownly users,ownly_user,"In the last 3 months, did any of these happen with Ownly? Select all that apply.",checkboxes,a late order | a cancelled order | wrong or missing items | a food quality problem | I needed a refund | I contacted support | none of these,yes,no branch (checkbox); U14 always shown with 'no issue' option; U4=0 lapse branch handled by section order,one 0/1 column per option,H12.2;H4,Incident rates,yes
U14,own_support_issue_resolved,both,S13 Ownly users,ownly_user,Was your most recent Ownly issue resolved to your satisfaction?,multiple_choice,"2=Yes, fully | 1=Partly | 0=No | 3=Still pending | 9=I haven't had an Ownly issue that needed a refund or support in the last 3 months",yes,none,unresolved = 0 or 3,H12.2,Risk ratio for lapse,yes
U15,churn_reduced_reasons,both,S13 Ownly users,churn,Why haven't you ordered on Ownly recently? Select up to 3.,checkboxes_max3,restaurants I wanted weren't there | late or unreliable deliveries | cancelled orders | a refund or support problem | the savings weren't worth it | launch offers ended | went back to my usual app or membership | food quality | app problems | my location isn't served | other,yes (if U4 = 0),validation ≤3; shuffle,one 0/1 column per option,H12;H9.3;H10.3,Churn driver ranking,yes
U16,own_competitor_when,both,S13 Ownly users,ownly_user,When do you still order on another app instead of Ownly? Select up to 3.,checkboxes_max3,the restaurant isn't on Ownly | I need it faster | a better offer elsewhere | Ownly isn't available at that location or time | after a bad Ownly experience | group or large orders | late at night | habit | I don't use other apps | other,yes,validation ≤3; shuffle,one 0/1 column per option,H10.3;H9,Boundary conditions,yes
U17,own_continue_intent,both,S13 Ownly users,ownly_user,How likely are you to keep ordering on Ownly over the next month?,multiple_choice,1=Definitely not | 2=Probably not | 3=Not sure | 4=Probably | 5=Definitely,yes,none,,H12 secondary outcome,Continue intent,yes
U18,own_disappointment,both,S13 Ownly users,ownly_user,"What, if anything, has disappointed you about Ownly?",paragraph,open text,no,none,coded inductively (align with review codebook),H9.3;H12,Friction themes,yes
Z1,meta_found_survey,both,S14 Wrap-up,meta,Where did you find this survey?,multiple_choice,1=WhatsApp / Telegram group | 2=LinkedIn | 3=Reddit | 4=Instagram | 5=A friend or colleague sent it | 6=Poster / QR code | 7=College or office group | 8=Other,yes,none,,QC,Channel caps (cross-check with meta_source),yes
Z2,meta_comments,both,S14 Wrap-up,meta,Anything else you'd like to tell us about food delivery? (optional),paragraph,open text,no,none,,—,Qualitative,yes
Z3,end_page_text,both,S14 Wrap-up,meta,End page: thank-you + completion code (per version) + optional link to SEPARATE lucky-draw form and SEPARATE interview sign-up form. No contact details are collected in this survey.,text_block,—,—,—,,—,—,yes
