resp_id,timestamp,city,area,city_other,age_band,occupation,memberships,rapido_freq,ordered_4wk,n_swiggy,n_zomato,n_ownly,n_other,last_app,last_amount,last_people,bill_fairness,tradeoff_eta,tradeoff_rel,tradeoff_rest,switch_savings,prop_P_intent,prop_Q_intent,prop_forced,prop_reason,repeat_no_promo,durability_doubt,rapido_food_seen,ownly_status,ownly_trigger,ownly_heard_where,not_opened_reason,stopped_ordering,first_order_when,prev_4wk_orders,counterfactual,ownly_loss_feel,ownly_less_reason,ownly_change,prop_P_intent_n,prop_Q_intent_n,repeat_no_promo_n,durability_doubt_n,switch_savings_rs,switch_never,switch_dk,eta_chose_cheap,rel_chose_cheap,rest_chose_cheap,age_routed_out,age_eligible,age_band_ambiguous,in_catchment,is_gachibowli_proper,has_membership,n_memberships,ownly_stage,ownly_aware,ownly_opened,ownly_says_ordered,n_platforms_used,multihoming,total_orders_4wk,recent_orderer,ownly_order_conflict,ownly_lapsed_consistent,n_ownly_usable,ownly_recent_status,amount_flag,amount_pp,exclusion_reason,pop_HYD_ELIGIBLE,pop_HYD_CATCHMENT,pop_HYD_GACHIBOWLI,pop_HYD_RECENT_ORDERER,pop_BLR_ELIGIBLE,pop_OTHER
R002,2026-09-16 20:55:34.711,Bengaluru,Another part of Bengaluru,,25–29,Working full-time,Zomato Gold,,Yes,0.0,56.0,0.0,0.0,Zomato,67.0,,"Yes, it felt fair","₹230 total, arrives in 45 minutes","₹230 total, late by 15+ minutes in about 3 of every 10 orders","₹230 total, has only a few of your usual restaurants",₹100 or more,Definitely not,Definitely not,I genuinely can't choose between them,Both are useless. Both of them charges total ₹200+. Fair total price is ₹50 to ₹130 and is healthy food with good quantity.,Definitely not,Agree,,"I opened or browsed it, but didn't order",,,,Prices weren't lower than my usual app,,,,,,,1.0,1.0,1.0,4.0,100.0,False,False,True,True,True,False,True,False,False,False,True,1,2.0,True,True,False,1.0,False,56.0,True,False,False,0.0,Never ordered on Ownly,,,,False,False,False,False,True,False
R003,2026-09-16 23:13:48.648,Hyderabad,Gachibowli,,20–24,Student (postgraduate / PhD),"Swiggy One (any plan), Zomato Gold",,Yes,0.0,8.0,0.0,0.0,Zomato,500.0,,"No, the extra charges on top were too much","₹230 total, arrives in 45 minutes","₹260 total, late by 15+ minutes in about 1 of every 10 orders","₹260 total, has most of your usual restaurants",₹75,Definitely,Probably,I genuinely can't choose between them,Order delivery time matters to me more than the money,Not sure,Agree,,"I opened or browsed it, but didn't order",,,,I was just looking around,,,,,,,5.0,4.0,3.0,4.0,75.0,False,False,True,False,False,False,True,False,True,True,True,1,2.0,True,True,False,1.0,False,8.0,True,False,False,0.0,Never ordered on Ownly,,,,True,True,True,True,False,False
R004,2026-09-16 23:21:55.364,Hyderabad,Gachibowli,,20–24,Student (postgraduate / PhD),"Swiggy One (any plan), Zomato Gold",,Yes,0.0,8.0,0.0,0.0,Zomato,1300.0,,"No, the food itself was overpriced","₹230 total, arrives in 45 minutes","₹230 total, late by 15+ minutes in about 3 of every 10 orders","₹260 total, has most of your usual restaurants",₹50,Definitely,Probably,Service P,If there is 50 rs difference I would wait for 15 more minutes,Probably not,Agree,,I've ordered on Ownly,,,,,In the last 4 weeks,0.0,Ordered the same on Swiggy or Zomato,Somewhat disappointed,,"More reliable, on-time delivery",5.0,4.0,2.0,4.0,50.0,False,False,True,True,False,False,True,False,True,True,True,1,3.0,True,True,True,1.0,False,8.0,True,True,False,,CONFLICTING - recent count unavailable,,,,True,True,True,True,False,False
R005,2026-09-16 23:32:34.661,Another city,,Another Indian city,20–24,Studying and working (internship / part-time),,,Yes,2.0,2.0,3.0,0.0,Toing,239.0,,"No, the extra charges on top were too much",,,,,,,,,,,,,,,,,,,,,,,,,,,,False,False,,,,False,True,False,False,False,False,0,,False,False,False,3.0,True,7.0,True,False,False,3.0,Never ordered on Ownly,,,,False,False,False,False,False,True
R006,2026-09-17 00:35:33.026,Hyderabad,Gachibowli,,20–24,Working full-time,Swiggy One (any plan),,Yes,2.0,1.0,0.0,0.0,Swiggy,700.0,,"No, the extra charges on top were too much","₹230 total, arrives in 45 minutes","₹230 total, late by 15+ minutes in about 3 of every 10 orders","₹230 total, has only a few of your usual restaurants",₹10,Definitely,Definitely,Service P,Price,Probably not,Agree,,I hadn't heard of Ownly,Seeing it's cheaper than Swiggy/Zomato for the same order,,,,,,,,,,5.0,5.0,2.0,4.0,10.0,False,False,True,True,True,False,True,False,True,True,True,1,0.0,False,False,False,2.0,True,3.0,True,False,False,0.0,Never ordered on Ownly,,,,True,True,True,True,False,False
R007,2026-09-17 04:58:33.412,Hyderabad,Gachibowli,,20–24,Working full-time,Zomato Gold,1–3 times,Yes,0.0,1.0,0.0,3.0,Directly from the restaurant,700.0,,"No, the food itself was overpriced","₹230 total, arrives in 45 minutes","₹230 total, late by 15+ minutes in about 3 of every 10 orders","₹230 total, has only a few of your usual restaurants",₹50,Probably,Probably not,Service P,Money & time,Not sure,Neither,No,I hadn't heard of Ownly,A friend telling me it works well,,,,,,,,,,4.0,2.0,3.0,3.0,50.0,False,False,True,True,True,False,True,False,True,True,True,1,0.0,False,False,False,2.0,True,4.0,True,False,False,0.0,Never ordered on Ownly,,,,True,True,True,True,False,False
R010,2026-09-17 10:22:20.516,Hyderabad,Manikonda,,30–35,Working full-time,,Never,No,,,,,,,,,"₹230 total, arrives in 45 minutes","₹230 total, late by 15+ minutes in about 3 of every 10 orders","₹260 total, has most of your usual restaurants",₹100 or more,Not sure,Not sure,I genuinely can't choose between them,,Not sure,Strongly agree,No,I hadn't heard of Ownly,Seeing it's cheaper than Swiggy/Zomato for the same order,,,,,,,,,,3.0,3.0,3.0,5.0,100.0,False,False,True,True,False,False,True,False,True,False,False,0,0.0,False,False,False,,False,,False,False,False,,Not asked / not applicable,,,,True,True,False,False,False,False
R013,2026-09-17 10:24:23.987,Bengaluru,Hebbal / Yelahanka / North Bengaluru,,30–35,Working full-time,,Never,No,,,,,,,,,"₹230 total, arrives in 45 minutes","₹230 total, late by 15+ minutes in about 3 of every 10 orders","₹260 total, has most of your usual restaurants","No amount, price alone wouldn't make me switch",Definitely,Not sure,Service P,Smaller bills ,Probably,Strongly agree,I don't use the Rapido app,"I'd heard of it, but never opened it",,Instagram / YouTube,Just haven't got around to it,,,,,,,,5.0,3.0,4.0,5.0,,True,False,True,True,False,False,True,False,False,False,False,0,1.0,True,False,False,,False,,False,False,False,,Not asked / not applicable,,,,False,False,False,False,True,False
R017,2026-09-17 10:28:14.750,Hyderabad,Serilingampally / Nallagandla / Tellapur,,20–24,Student (undergraduate),"Swiggy One (any plan), Zomato Gold",Never,Yes,10.0,2.0,0.0,0.0,Swiggy,1867.0,,"Yes, it felt fair","₹230 total, arrives in 45 minutes","₹230 total, late by 15+ minutes in about 3 of every 10 orders","₹230 total, has only a few of your usual restaurants","No amount, price alone wouldn't make me switch",Probably,Not sure,Service P,,Not sure,Agree,No,"I opened or browsed it, but didn't order",,,,I was just looking around,,,,,,,4.0,3.0,3.0,4.0,,True,False,True,True,True,False,True,False,True,False,True,1,2.0,True,True,False,2.0,True,12.0,True,False,False,0.0,Never ordered on Ownly,,,,True,True,False,True,False,False
R020,2026-09-17 10:36:28.155,Hyderabad,Another part of Hyderabad,,30–35,Working full-time,,Never,No,,,,,,,,,"₹260 total, arrives in 30 minutes","₹230 total, late by 15+ minutes in about 3 of every 10 orders","₹230 total, has only a few of your usual restaurants",₹10,Definitely not,Definitely not,Service Q,,Definitely not,Strongly disagree,No,I hadn't heard of Ownly,Paying by cash on delivery or meal card (Pluxee / Zeta),,,,,,,,,,1.0,1.0,1.0,1.0,10.0,False,False,False,True,True,False,True,False,False,False,False,0,0.0,False,False,False,,False,,False,False,False,,Not asked / not applicable,,,,True,False,False,False,False,False
R021,2026-09-17 10:38:37.650,Bengaluru,Electronic City / Bommanahalli,,20–24,Working full-time,,1–3 times,Yes,3.0,0.0,2.0,0.0,Swiggy,250.0,,"Yes, it felt fair","₹260 total, arrives in 30 minutes","₹260 total, late by 15+ minutes in about 1 of every 10 orders","₹230 total, has only a few of your usual restaurants",₹10,Probably,Probably not,Service P,,Not sure,Strongly agree,Yes,I've ordered on Ownly,,,,,In the last 4 weeks,2.0,Ordered the same on Swiggy or Zomato,Somewhat disappointed,Offers ended,More offers and coupons,4.0,2.0,3.0,5.0,10.0,False,False,False,False,True,False,True,False,False,False,False,0,3.0,True,True,True,2.0,True,5.0,True,False,False,2.0,Ordered on Ownly in last 4 weeks,,,,False,False,False,False,True,False
R022,2026-09-17 10:46:18.777,Bengaluru,Electronic City / Bommanahalli,,20–24,Working full-time,"Swiggy One (any plan), Zomato Gold",1–3 times,Yes,2.0,5.0,1.0,3.0,Zomato,1317.0,,"No, the food itself was overpriced","₹230 total, arrives in 45 minutes","₹260 total, late by 15+ minutes in about 1 of every 10 orders","₹230 total, has only a few of your usual restaurants",₹100 or more,Probably,Probably,Service P,May be the clear coat break up ,Probably not,Strongly agree,Yes,I've ordered on Ownly,,,,,1–3 months ago,1.0,"Cooked, or eaten at home / mess / hostel",Not disappointed,Late or failed deliveries,Faster delivery,4.0,4.0,2.0,5.0,100.0,False,False,True,False,True,False,True,False,False,False,True,1,3.0,True,True,True,4.0,True,11.0,True,False,False,1.0,Ordered on Ownly in last 4 weeks,,,,False,False,False,False,True,False
R023,2026-09-17 10:47:26.602,Hyderabad,Gachibowli,,25–29,Working full-time,"Swiggy One (any plan), Zomato Gold",1–3 times,Yes,2.0,3.0,0.0,0.0,Zomato,1500.0,,"Yes, it felt fair","₹230 total, arrives in 45 minutes","₹260 total, late by 15+ minutes in about 1 of every 10 orders","₹260 total, has most of your usual restaurants",₹75,Definitely,Definitely,I genuinely can't choose between them,,Probably,Agree,Not sure,I hadn't heard of Ownly,A friend telling me it works well,,,,,,,,,,5.0,5.0,4.0,4.0,75.0,False,False,True,False,False,False,True,False,True,True,True,1,0.0,False,False,False,2.0,True,5.0,True,False,False,0.0,Never ordered on Ownly,,,,True,True,True,True,False,False
R024,2026-09-17 10:49:36.999,Hyderabad,Gachibowli,,20–24,Student (postgraduate / PhD),"Swiggy One (any plan), Zomato Gold",1–3 times,Yes,3.0,12.0,0.0,0.0,Zomato,220.0,,"Yes, it felt fair","₹230 total, arrives in 45 minutes","₹230 total, late by 15+ minutes in about 3 of every 10 orders","₹260 total, has most of your usual restaurants",₹20,Probably,Definitely,Service Q,,Not sure,Strongly agree,No,I hadn't heard of Ownly,Seeing it's cheaper than Swiggy/Zomato for the same order,,,,,,,,,,4.0,5.0,3.0,5.0,20.0,False,False,True,True,False,False,True,False,True,True,True,1,0.0,False,False,False,2.0,True,15.0,True,False,False,0.0,Never ordered on Ownly,,,,True,True,True,True,False,False
R025,2026-09-17 10:50:06.526,Bengaluru,Whitefield / Marathahalli / Bellandur / Sarjapur Road,,20–24,Studying and working (internship / part-time),Swiggy One (any plan),Several times a week,Yes,5.0,0.0,0.0,2.0,Swiggy,300.0,,"No, the extra charges on top were too much","₹230 total, arrives in 45 minutes","₹230 total, late by 15+ minutes in about 3 of every 10 orders","₹260 total, has most of your usual restaurants",₹50,Not sure,Not sure,Service P,,Probably,Agree,Not sure,"I'd heard of it, but never opened it",,Instagram / YouTube,Just haven't got around to it,,,,,,,,3.0,3.0,4.0,4.0,50.0,False,False,True,True,False,False,True,False,False,False,True,1,1.0,True,False,False,2.0,True,7.0,True,False,False,0.0,Never ordered on Ownly,,,,False,False,False,False,True,False
R027,2026-09-17 10:57:56.627,Another city,,Another Indian city,20–24,Student (postgraduate / PhD),"Swiggy One (any plan), Zomato Gold",,Yes,1.0,0.0,0.0,1.0,Swiggy,180.0,,"Yes, it felt fair",,,,,,,,,,,I don't use the Rapido app,,,,,,,,,,,,,,,,,False,False,,,,False,True,False,False,False,True,1,,False,False,False,2.0,True,2.0,True,False,False,0.0,Never ordered on Ownly,,,,False,False,False,False,False,True
R028,2026-09-17 11:03:06.542,Bengaluru,Hebbal / Yelahanka / North Bengaluru,,20–24,Studying and working (internship / part-time),Swiggy One (any plan),1–3 times,Yes,2.0,0.0,0.0,0.0,Swiggy,460.0,,I didn't really look at the breakdown,"₹260 total, arrives in 30 minutes","₹260 total, late by 15+ minutes in about 1 of every 10 orders","₹230 total, has only a few of your usual restaurants",₹10,Not sure,Not sure,I genuinely can't choose between them,,Not sure,Neither,No,"I opened or browsed it, but didn't order",,,,A coupon on my usual app made that cheaper,,,,,,,3.0,3.0,3.0,3.0,10.0,False,False,False,False,True,False,True,False,False,False,True,1,2.0,True,True,False,1.0,False,2.0,True,False,False,0.0,Never ordered on Ownly,,,,False,False,False,False,True,False
R029,2026-09-17 11:06:44.271,Another city,,Another Indian city,20–24,Student (undergraduate),Zomato Gold,,Yes,0.0,3.0,0.0,0.0,Zomato,749.0,,"Yes, it felt fair",,,,,,,,,,,No,,,,,,,,,,,,,,,,,False,False,,,,False,True,False,False,False,True,1,,False,False,False,1.0,False,3.0,True,False,False,0.0,Never ordered on Ownly,,,,False,False,False,False,False,True
R030,2026-09-17 11:08:25.813,Another city,,Another Indian city,20–24,Working full-time,Swiggy One (any plan),,Yes,5.0,1.0,0.0,0.0,Swiggy,,,"Yes, it felt fair",,,,,,,,,,,No,,,,,,,,,,,,,,,,,False,False,,,,False,True,False,False,False,True,1,,False,False,False,2.0,True,6.0,True,False,False,0.0,Never ordered on Ownly,amount_zero_implausible_voided,,,False,False,False,False,False,True
R031,2026-09-17 11:10:06.374,Another city,,Chennai,20–24,Working full-time,,,Yes,0.0,1.0,0.0,2.0,Zomato,264.0,,"No, the extra charges on top were too much",,,,,,,,,,,No,,,,,,,,,,,,,,,,,False,False,,,,False,True,False,False,False,False,0,,False,False,False,2.0,True,3.0,True,False,False,0.0,Never ordered on Ownly,,,,False,False,False,False,False,True
R034,2026-09-17 11:15:33.606,Another city,,Another Indian city,20–24,Student (undergraduate),"Swiggy One (any plan), Zomato Gold",,Yes,5.0,20.0,0.0,0.0,Zomato,212.0,,"Yes, it felt fair",,,,,,,,,,,No,,,,,,,,,Not disappointed,,,,,,,,False,False,,,,False,True,False,False,False,True,1,,False,False,False,2.0,True,25.0,True,False,False,0.0,Never ordered on Ownly,,,,False,False,False,False,False,True
R035,2026-09-17 11:15:58.146,Hyderabad,Gachibowli,,20–24,Student (postgraduate / PhD),"Swiggy One (any plan), Zomato Gold",Several times a week,Yes,0.0,5.0,0.0,0.0,Zomato,535.0,,"Yes, it felt fair","₹230 total, arrives in 45 minutes","₹230 total, late by 15+ minutes in about 3 of every 10 orders","₹260 total, has most of your usual restaurants",₹30,Probably,Definitely,Service Q,The services,Probably,Agree,Not sure,I hadn't heard of Ownly,A promise of a quick refund if an order goes wrong,,,,,,,,,,4.0,5.0,4.0,4.0,30.0,False,False,True,True,False,False,True,False,True,True,True,1,0.0,False,False,False,1.0,False,5.0,True,False,False,0.0,Never ordered on Ownly,,,,True,True,True,True,False,False
R037,2026-09-17 11:25:22.880,Hyderabad,Gachibowli,,20–24,Student (undergraduate),"Swiggy One (any plan), Zomato Gold",Never,Yes,17.0,2.0,0.0,0.0,Swiggy,153.0,,"Yes, it felt fair","₹230 total, arrives in 45 minutes","₹260 total, late by 15+ minutes in about 1 of every 10 orders","₹230 total, has only a few of your usual restaurants",₹10,Probably,Probably,Service P,Service Q is quite similar to Swiggy already,Not sure,Agree,Yes,"I opened or browsed it, but didn't order",,,,I was just looking around,,,,,,,4.0,4.0,3.0,4.0,10.0,False,False,True,False,True,False,True,False,True,True,True,1,2.0,True,True,False,2.0,True,19.0,True,False,False,0.0,Never ordered on Ownly,,,,True,True,True,True,False,False
R039,2026-09-17 11:29:26.445,Hyderabad,Gachibowli,,20–24,Student (postgraduate / PhD),Swiggy One (any plan),1–3 times,Yes,10.0,0.0,0.0,0.0,Swiggy,1000.0,,"No, the extra charges on top were too much","₹230 total, arrives in 45 minutes","₹230 total, late by 15+ minutes in about 3 of every 10 orders","₹260 total, has most of your usual restaurants",₹100 or more,Probably,Probably,Service P,,Not sure,Agree,No,I hadn't heard of Ownly,A discount on my first order,,,,,,,,,,4.0,4.0,3.0,4.0,100.0,False,False,True,True,False,False,True,False,True,True,True,1,0.0,False,False,False,1.0,False,10.0,True,False,False,0.0,Never ordered on Ownly,,,,True,True,True,True,False,False
R041,2026-09-17 11:32:21.119,Another city,,Another Indian city,20–24,Looking for a job,Swiggy One (any plan),,Yes,4.0,0.0,0.0,0.0,Swiggy,148.0,,"Yes, it felt fair",,,,,,,,,,,I don't use the Rapido app,,,,,,,,,,,,,,,,,False,False,,,,False,True,False,False,False,True,1,,False,False,False,1.0,False,4.0,True,False,False,0.0,Never ordered on Ownly,,,,False,False,False,False,False,True
R042,2026-09-17 11:33:23.391,Hyderabad,Gachibowli,,20–24,Student (undergraduate),Swiggy One (any plan),1–3 times,Yes,2.0,0.0,0.0,0.0,Swiggy,356.0,,I didn't really look at the breakdown,"₹230 total, arrives in 45 minutes","₹230 total, late by 15+ minutes in about 3 of every 10 orders","₹260 total, has most of your usual restaurants",₹75,Probably,Probably,Service P,Cheaper prices,Probably not,Strongly agree,No,I hadn't heard of Ownly,Seeing it's cheaper than Swiggy/Zomato for the same order,,,,,,,,,,4.0,4.0,2.0,5.0,75.0,False,False,True,True,False,False,True,False,True,True,True,1,0.0,False,False,False,1.0,False,2.0,True,False,False,0.0,Never ordered on Ownly,,,,True,True,True,True,False,False
R045,2026-09-17 11:47:41.545,Hyderabad,Gachibowli,,20–24,Working full-time,,Several times a week,Yes,4.0,0.0,0.0,1.0,Swiggy,1000.0,,"No, the extra charges on top were too much","₹230 total, arrives in 45 minutes","₹230 total, late by 15+ minutes in about 3 of every 10 orders","₹260 total, has most of your usual restaurants","No amount, price alone wouldn't make me switch",Probably not,Probably,Service Q,,Definitely not,Agree,No,I hadn't heard of Ownly,A friend telling me it works well,,,,,,,,,,2.0,4.0,1.0,4.0,,True,False,True,True,False,False,True,False,True,True,False,0,0.0,False,False,False,2.0,True,5.0,True,False,False,0.0,Never ordered on Ownly,,,,True,True,True,True,False,False
R046,2026-09-17 11:52:24.125,Hyderabad,Gachibowli,,20–24,Student (postgraduate / PhD),,1–3 times,No,,,,,,,,,"₹230 total, arrives in 45 minutes","₹230 total, late by 15+ minutes in about 3 of every 10 orders","₹230 total, has only a few of your usual restaurants",₹50,Definitely,Probably,Service P,,Probably,Agree,No,I hadn't heard of Ownly,A friend telling me it works well,,,,,,,,,,5.0,4.0,4.0,4.0,50.0,False,False,True,True,True,False,True,False,True,True,False,0,0.0,False,False,False,,False,,False,False,False,,Not asked / not applicable,,,,True,True,True,False,False,False
R048,2026-09-17 12:01:07.487,Hyderabad,Gachibowli,,20–24,Student (undergraduate),"Swiggy One (any plan), Zomato Gold",1–3 times,Yes,6.0,2.0,0.0,1.0,Swiggy,543.0,,"Yes, it felt fair","₹230 total, arrives in 45 minutes","₹230 total, late by 15+ minutes in about 3 of every 10 orders","₹260 total, has most of your usual restaurants",₹30,Probably,Probably,I genuinely can't choose between them,,Not sure,Strongly agree,Not sure,I've ordered on Ownly,,,,,More than 4 weeks ago,2.0,Ordered the same on Swiggy or Zomato,Not disappointed,,More restaurants,4.0,4.0,3.0,5.0,30.0,False,False,True,True,False,False,True,False,True,True,True,1,3.0,True,True,True,3.0,True,9.0,True,False,True,0.0,"Lapsed - ordered earlier, none in last 4 weeks",,,,True,True,True,True,False,False
R049,2026-09-17 12:19:26.332,Hyderabad,Another part of Hyderabad,,25–29,Working full-time,Zomato Gold,About once a week,No,,,,,,,,,"₹230 total, arrives in 45 minutes","₹230 total, late by 15+ minutes in about 3 of every 10 orders","₹260 total, has most of your usual restaurants",Don't know,Definitely,Probably,Service P,,Probably,Strongly agree,Yes,"I'd heard of it, but never opened it",,Inside the Rapido app,Just haven't got around to it,,,,,,,,5.0,4.0,4.0,5.0,,False,True,True,True,False,False,True,False,False,False,True,1,1.0,True,False,False,,False,,False,False,False,,Not asked / not applicable,,,,True,False,False,False,False,False
R050,2026-09-17 12:19:46.140,Hyderabad,Gachibowli,,20–24,Student (undergraduate),"Swiggy One (any plan), Zomato Gold",Several times a week,Yes,18.0,1.0,0.0,1.0,Swiggy,306.0,,I didn't really look at the breakdown,"₹230 total, arrives in 45 minutes","₹230 total, late by 15+ minutes in about 3 of every 10 orders","₹260 total, has most of your usual restaurants",₹30,Definitely,Not sure,Service P,Delivery fee ,Not sure,Strongly agree,No,"I'd heard of it, but never opened it",,"Friends, classmates or colleagues",Just haven't got around to it,,,,,,,,5.0,3.0,3.0,5.0,30.0,False,False,True,True,False,False,True,False,True,True,True,1,1.0,True,False,False,3.0,True,20.0,True,False,False,0.0,Never ordered on Ownly,,,,True,True,True,True,False,False
R052,2026-09-17 12:53:55.997,Hyderabad,Gachibowli,,25–29,Student (postgraduate / PhD),"Swiggy One (any plan), Zomato Gold, Another food delivery membership",1–3 times,Yes,5.0,0.0,0.0,0.0,Swiggy,600.0,,"No, the extra charges on top were too much","₹230 total, arrives in 45 minutes","₹230 total, late by 15+ minutes in about 3 of every 10 orders","₹260 total, has most of your usual restaurants",₹50,Probably,Definitely,Service Q,Accountability ,Probably not,Agree,No,I hadn't heard of Ownly,A promise of a quick refund if an order goes wrong,,,,,,,,,,4.0,5.0,2.0,4.0,50.0,False,False,True,True,False,False,True,False,True,True,True,1,0.0,False,False,False,1.0,False,5.0,True,False,False,0.0,Never ordered on Ownly,,,,True,True,True,True,False,False
R053,2026-09-17 13:14:37.176,Another city,,Another Indian city,20–24,Student (undergraduate),,,No,,,,,,,,,,,,,,,,,,,No,,,,,,,,,,,,,,,,,False,False,,,,False,True,False,False,False,False,0,,False,False,False,,False,,False,False,False,,Not asked / not applicable,,,,False,False,False,False,False,True
R054,2026-09-17 13:20:41.803,Hyderabad,Gachibowli,,20–24,Student (postgraduate / PhD),"Swiggy One (any plan), Zomato Gold, Another food delivery membership",Never,Yes,10.0,5.0,0.0,0.0,Zomato,169.0,,"Yes, it felt fair","₹230 total, arrives in 45 minutes","₹230 total, late by 15+ minutes in about 3 of every 10 orders","₹230 total, has only a few of your usual restaurants",₹30,Probably,Definitely,Service Q,,Definitely,Agree,No,I hadn't heard of Ownly,A discount on my first order,,,,,,,,,,4.0,5.0,5.0,4.0,30.0,False,False,True,True,True,False,True,False,True,True,True,1,0.0,False,False,False,2.0,True,15.0,True,False,False,0.0,Never ordered on Ownly,,,,True,True,True,True,False,False
R055,2026-09-17 13:24:11.123,Another city,,Chennai,20–24,Student (undergraduate),,,Yes,0.0,0.0,0.0,2.0,Other,300.0,,"Yes, it felt fair",,,,,,,,,,,No,,,,,,,,,,,,,,,,,False,False,,,,False,True,False,False,False,False,0,,False,False,False,1.0,False,2.0,True,False,False,0.0,Never ordered on Ownly,,,,False,False,False,False,False,True
R056,2026-09-17 13:38:52.296,Hyderabad,Gachibowli,,20–24,Student (postgraduate / PhD),Zomato Gold,Several times a week,Yes,0.0,5.0,0.0,0.0,Zomato,322.0,,"Yes, it felt fair","₹230 total, arrives in 45 minutes","₹230 total, late by 15+ minutes in about 3 of every 10 orders","₹260 total, has most of your usual restaurants",Don't know,Not sure,Probably,I genuinely can't choose between them,Too good to be true. ,Not sure,Neither,No,I hadn't heard of Ownly,My usual restaurants being on it,,,,,,,,,,3.0,4.0,3.0,3.0,,False,True,True,True,False,False,True,False,True,True,True,1,0.0,False,False,False,1.0,False,5.0,True,False,False,0.0,Never ordered on Ownly,,,,True,True,True,True,False,False
R057,2026-09-17 14:06:46.409,Hyderabad,Gachibowli,,20–24,Student (undergraduate),Swiggy One (any plan),Several times a week,Yes,1.0,0.0,0.0,0.0,Swiggy,318.0,,"No, the extra charges on top were too much","₹230 total, arrives in 45 minutes","₹260 total, late by 15+ minutes in about 1 of every 10 orders","₹260 total, has most of your usual restaurants",₹20,Definitely not,Definitely not,I genuinely can't choose between them,I don't know ,Probably not,Agree,Not sure,I hadn't heard of Ownly,A promise of a quick refund if an order goes wrong,,,,,,,,,,1.0,1.0,2.0,4.0,20.0,False,False,True,False,False,False,True,False,True,True,True,1,0.0,False,False,False,1.0,False,1.0,True,False,False,0.0,Never ordered on Ownly,,,,True,True,True,True,False,False
R060,2026-09-17 14:31:28.943,Hyderabad,Financial District / Nanakramguda,,30–35,Other,"Swiggy One (any plan), Zomato Gold",Never,Yes,6.0,5.0,0.0,0.0,Swiggy,800.0,,"No, the extra charges on top were too much","₹230 total, arrives in 45 minutes","₹230 total, late by 15+ minutes in about 3 of every 10 orders","₹260 total, has most of your usual restaurants",₹100 or more,Definitely,Probably,Service P,I am ready to pay for the rider and the app can charge it from the restaurants,Not sure,Strongly agree,No,"I'd heard of it, but never opened it",,"News, LinkedIn or Reddit",Just haven't got around to it,,,,,,,,5.0,4.0,3.0,5.0,100.0,False,False,True,True,False,False,True,False,True,False,True,1,1.0,True,False,False,2.0,True,11.0,True,False,False,0.0,Never ordered on Ownly,,,,True,True,False,True,False,False
R061,2026-09-17 14:55:36.928,Hyderabad,Another part of Hyderabad,,20–24,Looking for a job,Swiggy One (any plan),1–3 times,Yes,1.0,0.0,0.0,0.0,Swiggy,250.0,,"No, the extra charges on top were too much","₹230 total, arrives in 45 minutes","₹230 total, late by 15+ minutes in about 3 of every 10 orders","₹260 total, has most of your usual restaurants",Don't know,Not sure,Not sure,Service Q,,Probably not,Agree,Not sure,I hadn't heard of Ownly,A friend telling me it works well,,,,,,,,,,3.0,3.0,2.0,4.0,,False,True,True,True,False,False,True,False,False,False,True,1,0.0,False,False,False,1.0,False,1.0,True,False,False,0.0,Never ordered on Ownly,,,,True,False,False,True,False,False
R063,2026-09-17 17:04:35.118,Hyderabad,Gachibowli,,20–24,Student (undergraduate),Swiggy One (any plan),1–3 times,Yes,4.0,0.0,0.0,0.0,Swiggy,800.0,,"No, the extra charges on top were too much","₹230 total, arrives in 45 minutes","₹230 total, late by 15+ minutes in about 3 of every 10 orders","₹260 total, has most of your usual restaurants",₹100 or more,Probably,Definitely not,Service P,Service P has more all the restaurants even the common ones not only tiffins and things like that as I usually only get to order food from outside on special days and very occasionally so I always order smtg fun to have but the packaging delivery and all other fees make it hard to buy even a normal burger ,Not sure,Strongly agree,No,I hadn't heard of Ownly,Seeing it's cheaper than Swiggy/Zomato for the same order,,,,,,,,,,4.0,1.0,3.0,5.0,100.0,False,False,True,True,False,False,True,False,True,True,True,1,0.0,False,False,False,1.0,False,4.0,True,False,False,0.0,Never ordered on Ownly,,,,True,True,True,True,False,False
R065,2026-09-17 18:27:51.218,Hyderabad,Gachibowli,,25–29,Student (postgraduate / PhD),Swiggy One (any plan),Several times a week,Yes,9.0,0.0,0.0,2.0,Other,176.0,,"Yes, it felt fair","₹230 total, arrives in 45 minutes","₹260 total, late by 15+ minutes in about 1 of every 10 orders","₹260 total, has most of your usual restaurants",₹100 or more,Not sure,Probably,I genuinely can't choose between them,Both seem like good options ,Probably,Agree,No,I hadn't heard of Ownly,A promise of a quick refund if an order goes wrong,,,,,,,,,,3.0,4.0,4.0,4.0,100.0,False,False,True,False,False,False,True,False,True,True,True,1,0.0,False,False,False,2.0,True,11.0,True,False,False,0.0,Never ordered on Ownly,,,,True,True,True,True,False,False
R066,2026-09-17 18:39:51.725,Hyderabad,Gachibowli,,20–24,Student (postgraduate / PhD),,About once a week,No,,,,,,,,,"₹230 total, arrives in 45 minutes","₹230 total, late by 15+ minutes in about 3 of every 10 orders","₹230 total, has only a few of your usual restaurants",₹30,Probably,Probably,Service Q,"Local trust, money back guarantee ",Probably,Disagree,No,"I'd heard of it, but never opened it",,"Friends, classmates or colleagues",Just haven't got around to it,,,,,,,,4.0,4.0,4.0,2.0,30.0,False,False,True,True,True,False,True,False,True,True,False,0,1.0,True,False,False,,False,,False,False,False,,Not asked / not applicable,,,,True,True,True,False,False,False
R067,2026-09-17 20:50:06.262,Another city,,Another Indian city,20–24,Student (undergraduate),Swiggy One (any plan),,Yes,10.0,0.0,0.0,0.0,Swiggy,340.0,,"No, the extra charges on top were too much",,,,,,,,,,,No,,,,,,,,,,,,,,,,,False,False,,,,False,True,False,False,False,True,1,,False,False,False,1.0,False,10.0,True,False,False,0.0,Never ordered on Ownly,,,,False,False,False,False,False,True
R068,2026-09-17 21:15:34.378,Another city,,Another Indian city,20–24,Student (undergraduate),,,No,,,,,,,,,,,,,,,,,,,Not sure,,,,,,,,,,,,,,,,,False,False,,,,False,True,False,False,False,False,0,,False,False,False,,False,,False,False,False,,Not asked / not applicable,,,,False,False,False,False,False,True
R069,2026-09-17 21:17:12.937,Another city,,Another Indian city,20–24,Student (undergraduate),,,No,,,,,,,,,,,,,,,,,,,No,,,,,,,,,,,,,,,,,False,False,,,,False,True,False,False,False,False,0,,False,False,False,,False,,False,False,False,,Not asked / not applicable,,,,False,False,False,False,False,True
R070,2026-09-17 21:32:51.990,Another city,,Another Indian city,20–24,Student (undergraduate),"Swiggy One (any plan), Zomato Gold",,No,,,,,,,,,,,,,,,,,,,No,,,,,,,,,,,,,,,,,False,False,,,,False,True,False,False,False,True,1,,False,False,False,,False,,False,False,False,,Not asked / not applicable,,,,False,False,False,False,False,True
R071,2026-09-17 21:42:39.670,Another city,,Another Indian city,20–24,Student (undergraduate),,,No,,,,,,,,,,,,,,,,,,,Not sure,,,,,,,,,,,,,,,,,False,False,,,,False,True,False,False,False,False,0,,False,False,False,,False,,False,False,False,,Not asked / not applicable,,,,False,False,False,False,False,True
R073,2026-09-18 15:31:43.341,Bengaluru,Whitefield / Marathahalli / Bellandur / Sarjapur Road,,25–29,Working full-time,Swiggy One (any plan),About once a week,Yes,10.0,0.0,0.0,0.0,Swiggy,3000.0,,"No, the extra charges on top were too much","₹230 total, arrives in 45 minutes","₹230 total, late by 15+ minutes in about 3 of every 10 orders","₹230 total, has only a few of your usual restaurants",₹10,Not sure,Probably not,Service P,,Not sure,Neither,Not sure,"I'd heard of it, but never opened it",,Don't remember,Just haven't got around to it,,,,,,,,3.0,2.0,3.0,3.0,10.0,False,False,True,True,True,False,True,False,False,False,True,1,1.0,True,False,False,1.0,False,10.0,True,False,False,0.0,Never ordered on Ownly,,,,False,False,False,False,True,False
R074,2026-09-18 15:39:17.986,Bengaluru,Whitefield / Marathahalli / Bellandur / Sarjapur Road,,30–35,Working full-time,Zomato Gold,About once a week,Yes,0.0,8.0,0.0,0.0,Zomato,1038.0,,"Yes, it felt fair","₹260 total, arrives in 30 minutes","₹230 total, late by 15+ minutes in about 3 of every 10 orders","₹260 total, has most of your usual restaurants",₹100 or more,Not sure,Not sure,I genuinely can't choose between them,,Not sure,Neither,No,I hadn't heard of Ownly,"Nothing, I'm happy with how I order now",,,,,,,,,,3.0,3.0,3.0,3.0,100.0,False,False,False,True,False,False,True,False,False,False,True,1,0.0,False,False,False,1.0,False,8.0,True,False,False,0.0,Never ordered on Ownly,,,,False,False,False,False,True,False
R078,2026-09-18 15:45:02.758,Hyderabad,Narsingi / Kokapet,,20–24,Student (undergraduate),,Never,No,,,,,,,,,"₹260 total, arrives in 30 minutes","₹230 total, late by 15+ minutes in about 3 of every 10 orders","₹260 total, has most of your usual restaurants","No amount, price alone wouldn't make me switch",Probably,Probably,Service P,,Definitely,Strongly agree,I don't use the Rapido app,"I'd heard of it, but never opened it",,"Friends, classmates or colleagues",Just haven't got around to it,,,,,,,,4.0,4.0,5.0,5.0,,True,False,False,True,False,False,True,False,True,False,False,0,1.0,True,False,False,,False,,False,False,False,,Not asked / not applicable,,,,True,True,False,False,False,False
R080,2026-09-18 15:50:49.936,Hyderabad,Gachibowli,,20–24,Student (undergraduate),Zomato Gold,Never,Yes,2.0,1.0,0.0,0.0,Zomato,200.0,,"No, the extra charges on top were too much","₹230 total, arrives in 45 minutes","₹230 total, late by 15+ minutes in about 3 of every 10 orders","₹230 total, has only a few of your usual restaurants",₹50,Probably,Probably,I genuinely can't choose between them,,Probably not,Agree,No,I hadn't heard of Ownly,Seeing it's cheaper than Swiggy/Zomato for the same order,,,,,,,,,,4.0,4.0,2.0,4.0,50.0,False,False,True,True,True,False,True,False,True,True,True,1,0.0,False,False,False,2.0,True,3.0,True,False,False,0.0,Never ordered on Ownly,,,,True,True,True,True,False,False
R081,2026-09-18 15:51:04.473,Hyderabad,Gachibowli,,20–24,Student (undergraduate),,Never,Yes,0.0,20.0,0.0,0.0,Zomato,2500.0,,"No, the food itself was overpriced","₹230 total, arrives in 45 minutes","₹230 total, late by 15+ minutes in about 3 of every 10 orders","₹260 total, has most of your usual restaurants",₹10,Definitely not,Definitely not,I genuinely can't choose between them,,Definitely not,Strongly disagree,Yes,I hadn't heard of Ownly,A promise of a quick refund if an order goes wrong,,,,,,,,,,1.0,1.0,1.0,1.0,10.0,False,False,True,True,False,False,True,False,True,True,False,0,0.0,False,False,False,1.0,False,20.0,True,False,False,0.0,Never ordered on Ownly,,,,True,True,True,True,False,False
R082,2026-09-18 15:51:18.191,Hyderabad,Gachibowli,,20–24,Student (undergraduate),"Swiggy One (any plan), Zomato Gold",1–3 times,Yes,4.0,3.0,0.0,0.0,Swiggy,1200.0,,"No, the extra charges on top were too much","₹230 total, arrives in 45 minutes","₹230 total, late by 15+ minutes in about 3 of every 10 orders","₹260 total, has most of your usual restaurants",₹30,Definitely,Probably,Service P,Cheaper,Probably,Agree,Yes,"I'd heard of it, but never opened it",,Instagram / YouTube,I'm happy with my current app or membership,,,,,,,,5.0,4.0,4.0,4.0,30.0,False,False,True,True,False,False,True,False,True,True,True,1,1.0,True,False,False,2.0,True,7.0,True,False,False,0.0,Never ordered on Ownly,,,,True,True,True,True,False,False
R083,2026-09-18 15:52:15.160,Hyderabad,Financial District / Nanakramguda,,20–24,Student (undergraduate),"Swiggy One (any plan), Zomato Gold",1–3 times,Yes,3.0,3.0,0.0,1.0,Zomato,299.0,,"No, the extra charges on top were too much","₹230 total, arrives in 45 minutes","₹230 total, late by 15+ minutes in about 3 of every 10 orders","₹260 total, has most of your usual restaurants",₹30,Probably,Probably,I genuinely can't choose between them,,Not sure,Strongly agree,Yes,"I'd heard of it, but never opened it",,Inside the Rapido app,I'm happy with my current app or membership,,,,,,,,4.0,4.0,3.0,5.0,30.0,False,False,True,True,False,False,True,False,True,False,True,1,1.0,True,False,False,3.0,True,7.0,True,False,False,0.0,Never ordered on Ownly,,,,True,True,False,True,False,False
R084,2026-09-18 15:56:35.696,Hyderabad,Gachibowli,,20–24,Student (undergraduate),Zomato Gold,1–3 times,Yes,0.0,5.0,0.0,1.0,Zomato,3000.0,,"No, the food itself was overpriced","₹260 total, arrives in 30 minutes","₹260 total, late by 15+ minutes in about 1 of every 10 orders","₹230 total, has only a few of your usual restaurants",₹75,Probably,Probably not,Service P,Cheaper,Probably not,Agree,Not sure,"I'd heard of it, but never opened it",,Inside the Rapido app,I'm happy with my current app or membership,,,,,,,,4.0,2.0,2.0,4.0,75.0,False,False,False,False,True,False,True,False,True,True,True,1,1.0,True,False,False,2.0,True,6.0,True,False,False,0.0,Never ordered on Ownly,,,,True,True,True,True,False,False
R086,2026-09-18 15:58:03.994,Hyderabad,Gachibowli,,20–24,Student (undergraduate),"Swiggy One (any plan), Zomato Gold, Another food delivery membership",Never,Yes,11.0,3.0,0.0,4.0,Swiggy,206.0,,"No, the extra charges on top were too much","₹230 total, arrives in 45 minutes","₹230 total, late by 15+ minutes in about 3 of every 10 orders","₹230 total, has only a few of your usual restaurants",₹20,Definitely,Probably,Service Q,It has more variety of restaurants and i would need that more often than not,Not sure,Agree,Yes,"I'd heard of it, but never opened it",,Instagram / YouTube,Just haven't got around to it,,,,,,,,5.0,4.0,3.0,4.0,20.0,False,False,True,True,True,False,True,False,True,True,True,1,1.0,True,False,False,3.0,True,18.0,True,False,False,0.0,Never ordered on Ownly,,,,True,True,True,True,False,False
R088,2026-09-18 15:59:01.104,Hyderabad,Gachibowli,,20–24,Student (undergraduate),"Swiggy One (any plan), Zomato Gold",Never,Yes,2.0,3.0,0.0,1.0,Zomato,175.0,,"No, the food itself was overpriced","₹230 total, arrives in 45 minutes","₹230 total, late by 15+ minutes in about 3 of every 10 orders","₹230 total, has only a few of your usual restaurants",₹20,Probably,Probably,Service P,,Not sure,Strongly agree,I don't use the Rapido app,"I opened or browsed it, but didn't order",,,,It didn't deliver to my address,,,,,,,4.0,4.0,3.0,5.0,20.0,False,False,True,True,True,False,True,False,True,True,True,1,2.0,True,True,False,3.0,True,6.0,True,False,False,0.0,Never ordered on Ownly,,,,True,True,True,True,False,False
R089,2026-09-18 15:59:01.575,Hyderabad,Gachibowli,,20–24,Student (undergraduate),Swiggy One (any plan),About once a week,Yes,5.0,2.0,0.0,6.0,Swiggy,404.0,,"No, the extra charges on top were too much","₹230 total, arrives in 45 minutes","₹260 total, late by 15+ minutes in about 1 of every 10 orders","₹260 total, has most of your usual restaurants",₹50,Definitely,Definitely,I genuinely can't choose between them,It depends on craving,Not sure,Strongly agree,No,I hadn't heard of Ownly,Seeing it's cheaper than Swiggy/Zomato for the same order,,,,,,,,,,5.0,5.0,3.0,5.0,50.0,False,False,True,False,False,False,True,False,True,True,True,1,0.0,False,False,False,3.0,True,13.0,True,False,False,0.0,Never ordered on Ownly,,,,True,True,True,True,False,False
R092,2026-09-18 16:02:47.419,Hyderabad,Another part of Hyderabad,,30–35,Working full-time,"Swiggy One (any plan), Zomato Gold",1–3 times,Yes,1.0,2.0,0.0,0.0,Zomato,1000.0,,"Yes, it felt fair","₹230 total, arrives in 45 minutes","₹260 total, late by 15+ minutes in about 1 of every 10 orders","₹260 total, has most of your usual restaurants",Don't know,Probably,Probably,I genuinely can't choose between them,,Probably,Agree,No,I hadn't heard of Ownly,"Nothing, I'm happy with how I order now",,,,,,,,,,4.0,4.0,4.0,4.0,,False,True,True,False,False,False,True,False,False,False,True,1,0.0,False,False,False,2.0,True,3.0,True,False,False,0.0,Never ordered on Ownly,,,,True,False,False,True,False,False
R094,2026-09-18 16:03:52.314,Hyderabad,Another part of Hyderabad,,25–29,Working full-time,"Swiggy One (any plan), Zomato Gold",1–3 times,Yes,2.0,1.0,0.0,0.0,Zomato,820.0,,"No, the extra charges on top were too much","₹230 total, arrives in 45 minutes","₹230 total, late by 15+ minutes in about 3 of every 10 orders","₹260 total, has most of your usual restaurants",₹10,Probably,Probably,Service P,Price difference in final order,Probably not,Strongly agree,Not sure,I hadn't heard of Ownly,Seeing it's cheaper than Swiggy/Zomato for the same order,,,,,,,,,,4.0,4.0,2.0,5.0,10.0,False,False,True,True,False,False,True,False,False,False,True,1,0.0,False,False,False,2.0,True,3.0,True,False,False,0.0,Never ordered on Ownly,,,,True,False,False,True,False,False
R095,2026-09-18 16:05:04.590,Hyderabad,Gachibowli,,20–24,Student (undergraduate),,Never,Yes,3.0,0.0,0.0,0.0,Swiggy,289.0,,I didn't really look at the breakdown,"₹230 total, arrives in 45 minutes","₹230 total, late by 15+ minutes in about 3 of every 10 orders","₹260 total, has most of your usual restaurants",₹20,Probably,Not sure,Service P,,Probably not,Agree,I don't use the Rapido app,"I'd heard of it, but never opened it",,Don't remember,I'm happy with my current app or membership,,,,,,,,4.0,3.0,2.0,4.0,20.0,False,False,True,True,False,False,True,False,True,True,False,0,1.0,True,False,False,1.0,False,3.0,True,False,False,0.0,Never ordered on Ownly,,,,True,True,True,True,False,False
R096,2026-09-18 16:09:17.008,Hyderabad,Gachibowli,,20–24,Student (undergraduate),"Swiggy One (any plan), Zomato Gold",About once a week,Yes,3.0,7.0,0.0,0.0,Zomato,,,"No, the extra charges on top were too much","₹230 total, arrives in 45 minutes","₹260 total, late by 15+ minutes in about 1 of every 10 orders","₹230 total, has only a few of your usual restaurants",₹50,Probably,Probably,Service Q,,Probably not,Agree,No,I hadn't heard of Ownly,My usual restaurants being on it,,,,,,,,,,4.0,4.0,2.0,4.0,50.0,False,False,True,False,True,False,True,False,True,True,True,1,0.0,False,False,False,2.0,True,10.0,True,False,False,0.0,Never ordered on Ownly,amount_zero_implausible_voided,,,True,True,True,True,False,False
R097,2026-09-18 16:11:51.404,Hyderabad,Another part of Hyderabad,,30–35,Student (postgraduate / PhD),"Swiggy One (any plan), Zomato Gold",1–3 times,Yes,2.0,2.0,0.0,9.0,Swiggy,900.0,,"No, the extra charges on top were too much","₹260 total, arrives in 30 minutes","₹260 total, late by 15+ minutes in about 1 of every 10 orders","₹260 total, has most of your usual restaurants",Don't know,Probably,Probably,I genuinely can't choose between them,,Probably,Agree,No,I hadn't heard of Ownly,"Nothing, I'm happy with how I order now",,,,,,,,,,4.0,4.0,4.0,4.0,,False,True,False,False,False,False,True,False,False,False,True,1,0.0,False,False,False,3.0,True,13.0,True,False,False,0.0,Never ordered on Ownly,,,,True,False,False,True,False,False
R098,2026-09-18 16:16:58.510,Bengaluru,Hebbal / Yelahanka / North Bengaluru,,20–24,Working full-time,Zomato Gold,1–3 times,Yes,3.0,2.0,0.0,3.0,Zomato,600.0,,"No, the extra charges on top were too much","₹260 total, arrives in 30 minutes","₹230 total, late by 15+ minutes in about 3 of every 10 orders","₹260 total, has most of your usual restaurants",₹30,Probably,Probably,Service Q,Reliability and repeat ability over discount or performance- although i strongly believe restaurants have enough margins to take the hit of delivery irrespective of the cost - so pricing and delivery should be optimal along with speed but if i had to prioritise for consumer will be availability and reliability.,Probably,Agree,Yes,"I'd heard of it, but never opened it",,"Friends, classmates or colleagues",I don't want another app on my phone,,,,,,,,4.0,4.0,4.0,4.0,30.0,False,False,False,True,False,False,True,False,False,False,True,1,1.0,True,False,False,3.0,True,8.0,True,False,False,0.0,Never ordered on Ownly,,,,False,False,False,False,True,False
R099,2026-09-18 16:17:13.590,Hyderabad,Gachibowli,,20–24,Student (undergraduate),"Swiggy One (any plan), Zomato Gold",Never,Yes,0.0,1.0,0.0,2.0,Zomato,330.0,,"Yes, it felt fair","₹230 total, arrives in 45 minutes","₹260 total, late by 15+ minutes in about 1 of every 10 orders","₹260 total, has most of your usual restaurants",Don't know,Not sure,Definitely,Service Q,,Probably,Agree,No,I hadn't heard of Ownly,A promise of a quick refund if an order goes wrong,,,,,,,,,,3.0,5.0,4.0,4.0,,False,True,True,False,False,False,True,False,True,True,True,1,0.0,False,False,False,2.0,True,3.0,True,False,False,0.0,Never ordered on Ownly,,,,True,True,True,True,False,False
R100,2026-09-18 16:24:58.015,Another city,,Another Indian city,20–24,Student (undergraduate),"Swiggy One (any plan), Zomato Gold",,Yes,0.0,17.0,0.0,0.0,Zomato,330.0,,"No, the food itself was overpriced",,,,,,,,,,,No,,,,,,,,,,,,,,,,,False,False,,,,False,True,False,False,False,True,1,,False,False,False,1.0,False,17.0,True,False,False,0.0,Never ordered on Ownly,,,,False,False,False,False,False,True
R102,2026-09-18 16:29:03.103,Another city,,Another Indian city,Under 18,,,,,,,,,,,,,,,,,,,,,,,,,,,,,,,,,,,,,,,,False,False,,,,False,True,False,False,False,False,0,,False,False,False,,False,,False,False,False,,Not asked / not applicable,,,,False,False,False,False,False,True
R103,2026-09-18 16:29:13.923,Bengaluru,Whitefield / Marathahalli / Bellandur / Sarjapur Road,,30–35,Working full-time,Zomato Gold,Never,Yes,0.0,4.0,0.0,2.0,Zomato,2500.0,,"No, the extra charges on top were too much","₹230 total, arrives in 45 minutes","₹230 total, late by 15+ minutes in about 3 of every 10 orders","₹260 total, has most of your usual restaurants",₹100 or more,Probably,Definitely,Service Q,Actual delivery time and fair price ,Probably,Agree,Not sure,I hadn't heard of Ownly,Paying by cash on delivery or meal card (Pluxee / Zeta),,,,,,,,,,4.0,5.0,4.0,4.0,100.0,False,False,True,True,False,False,True,False,False,False,True,1,0.0,False,False,False,2.0,True,6.0,True,False,False,0.0,Never ordered on Ownly,,,,False,False,False,False,True,False
R104,2026-09-18 16:32:26.298,Hyderabad,Gachibowli,,25–29,Student (postgraduate / PhD),Swiggy One (any plan),Never,Yes,21.0,0.0,0.0,0.0,Swiggy,450.0,,"Yes, it felt fair","₹260 total, arrives in 30 minutes","₹260 total, late by 15+ minutes in about 1 of every 10 orders","₹260 total, has most of your usual restaurants","No amount, price alone wouldn't make me switch",Definitely not,Definitely,Service Q,"It isn’t just about price, it’s the logistics and the overall experience I have with booking, and customer support.",Definitely,Agree,I don't use the Rapido app,I hadn't heard of Ownly,"Nothing, I'm happy with how I order now",,,,,,,,,,1.0,5.0,5.0,4.0,,True,False,False,False,False,False,True,False,True,True,True,1,0.0,False,False,False,1.0,False,21.0,True,False,False,0.0,Never ordered on Ownly,,,,True,True,True,True,False,False
R105,2026-09-18 16:32:56.391,Hyderabad,Another part of Hyderabad,,30–35,Working full-time,"Swiggy One (any plan), Zomato Gold",1–3 times,Yes,0.0,12.0,0.0,7.0,EatSure,250.0,,"No, the food itself was overpriced","₹260 total, arrives in 30 minutes","₹260 total, late by 15+ minutes in about 1 of every 10 orders","₹230 total, has only a few of your usual restaurants","No amount, price alone wouldn't make me switch",Definitely,Definitely,Service Q,"The food I like, not what's available",Probably,Strongly agree,No,"I'd heard of it, but never opened it",,Don't remember,Not sure it delivers to my area,,,,,,,,5.0,5.0,4.0,5.0,,True,False,False,False,True,False,True,False,False,False,True,1,1.0,True,False,False,2.0,True,19.0,True,False,False,0.0,Never ordered on Ownly,,,,True,False,False,True,False,False
R106,2026-09-18 16:34:45.276,Another city,,Another Indian city,18–24,Student (undergraduate),"Swiggy One (any plan), Zomato Gold",,Yes,18.0,11.0,0.0,0.0,Swiggy,275.0,,"Yes, it felt fair",,,,,,,,,,,No,,,,,,,,,,,,,,,,,False,False,,,,False,True,True,False,False,True,1,,False,False,False,2.0,True,29.0,True,False,False,0.0,Never ordered on Ownly,,,,False,False,False,False,False,True
R107,2026-09-18 16:35:07.519,Another city,,Mumbai,25–29,Working full-time,"Swiggy One (any plan), Zomato Gold",,Yes,1.0,2.0,0.0,0.0,Zomato,9842.0,,"Yes, it felt fair",,,,,,,,,,,No,,,,,,,,,,,,,,,,,False,False,,,,False,True,False,False,False,True,1,,False,False,False,2.0,True,3.0,True,False,False,0.0,Never ordered on Ownly,,,,False,False,False,False,False,True
R110,2026-09-18 16:46:59.218,Bengaluru,Hebbal / Yelahanka / North Bengaluru,,18–24,Student (undergraduate),"Swiggy One (any plan), Zomato Gold",1–3 times,Yes,0.0,4.0,0.0,0.0,Zomato,152.0,,"Yes, it felt fair","₹230 total, arrives in 45 minutes","₹230 total, late by 15+ minutes in about 3 of every 10 orders","₹230 total, has only a few of your usual restaurants",₹30,Definitely not,Not sure,Service P,price,Probably,Agree,No,I've ordered on Ownly,,,,,1–3 months ago,2.0,Ordered the same on Swiggy or Zomato,Not disappointed,Offers ended,More offers and coupons,1.0,3.0,4.0,4.0,30.0,False,False,True,True,True,False,True,True,False,False,True,1,3.0,True,True,True,1.0,False,4.0,True,False,True,0.0,"Lapsed - ordered earlier, none in last 4 weeks",,,,False,False,False,False,True,False
R111,2026-09-18 16:48:45.776,Hyderabad,Another part of Hyderabad,,25–29,Looking for a job,"Swiggy One (any plan), Zomato Gold",1–3 times,Yes,5.0,2.0,0.0,0.0,Swiggy,800.0,,"Yes, it felt fair","₹260 total, arrives in 30 minutes","₹260 total, late by 15+ minutes in about 1 of every 10 orders","₹260 total, has most of your usual restaurants",₹100 or more,Definitely,Definitely,Service Q,May be better service and better information iam getting from Q,Probably,Strongly agree,No,I hadn't heard of Ownly,Seeing it's cheaper than Swiggy/Zomato for the same order,,,,,,,,,,5.0,5.0,4.0,5.0,100.0,False,False,False,False,False,False,True,False,False,False,True,1,0.0,False,False,False,2.0,True,7.0,True,False,False,0.0,Never ordered on Ownly,,,,True,False,False,True,False,False
R112,2026-09-18 17:05:24.228,Bengaluru,Another part of Bengaluru,,Under 18,,,,,,,,,,,,,,,,,,,,,,,,,,,,,,,,,,,,,,,,False,False,,,,False,True,False,False,False,False,0,,False,False,False,,False,,False,False,False,,Not asked / not applicable,,,,False,False,False,False,True,False
R113,2026-09-18 17:05:30.276,Bengaluru,Electronic City / Bommanahalli,,25–29,Studying and working (internship / part-time),"Swiggy One (any plan), Zomato Gold",About once a week,Yes,8.0,8.0,0.0,0.0,Swiggy,1500.0,,"No, the extra charges on top were too much","₹230 total, arrives in 45 minutes","₹230 total, late by 15+ minutes in about 3 of every 10 orders","₹230 total, has only a few of your usual restaurants",₹100 or more,Definitely,Definitely,Service Q,Information is key,Probably,Strongly agree,No,"I'd heard of it, but never opened it",,"Friends, classmates or colleagues",Just haven't got around to it,,,,,,,,5.0,5.0,4.0,5.0,100.0,False,False,True,True,True,False,True,False,False,False,True,1,1.0,True,False,False,2.0,True,16.0,True,False,False,0.0,Never ordered on Ownly,,,,False,False,False,False,True,False
R114,2026-09-18 17:12:12.742,Hyderabad,Another part of Hyderabad,,18–24,Working full-time,"Swiggy One (any plan), Zomato Gold, Another food delivery membership",Several times a week,Yes,4.0,2.0,0.0,3.0,Swiggy,1500.0,,"Yes, it felt fair","₹230 total, arrives in 45 minutes","₹260 total, late by 15+ minutes in about 1 of every 10 orders","₹230 total, has only a few of your usual restaurants",₹100 or more,Probably,Definitely,Service Q,The fact that all the restaurants I locally prefer are present in Q,Probably,Strongly agree,No,I hadn't heard of Ownly,My usual restaurants being on it,,,,,,,,,,4.0,5.0,4.0,5.0,100.0,False,False,True,False,True,False,True,True,False,False,True,1,0.0,False,False,False,3.0,True,9.0,True,False,False,0.0,Never ordered on Ownly,,,,True,False,False,True,False,False
R115,2026-09-18 17:21:55.021,Bengaluru,Whitefield / Marathahalli / Bellandur / Sarjapur Road,,25–29,Working full-time,Swiggy One (any plan),Several times a week,Yes,5.0,0.0,0.0,0.0,Swiggy,323.0,,"Yes, it felt fair","₹230 total, arrives in 45 minutes","₹230 total, late by 15+ minutes in about 3 of every 10 orders","₹230 total, has only a few of your usual restaurants",₹20,Definitely,Not sure,Service P,Not intrested in paying hidden fee,Not sure,Agree,Yes,"I'd heard of it, but never opened it",,Inside the Rapido app,I'm happy with my current app or membership,,,,,,,,5.0,3.0,3.0,4.0,20.0,False,False,True,True,True,False,True,False,False,False,True,1,1.0,True,False,False,1.0,False,5.0,True,False,False,0.0,Never ordered on Ownly,,,,False,False,False,False,True,False
R116,2026-09-18 17:23:21.577,Bengaluru,Indiranagar / Domlur / Old Airport Road,,18–24,Working full-time,"Swiggy One (any plan), Another food delivery membership",About once a week,Yes,1.0,0.0,0.0,0.0,Swiggy,350.0,,"No, the food itself was overpriced","₹230 total, arrives in 45 minutes","₹230 total, late by 15+ minutes in about 3 of every 10 orders","₹230 total, has only a few of your usual restaurants","No amount, price alone wouldn't make me switch",Probably,Not sure,I genuinely can't choose between them,,Definitely not,Strongly agree,Yes,I've ordered on Ownly,,,,,1–3 months ago,0.0,Skipped it or had a snack,Not disappointed,Went back to my Swiggy One / Zomato Gold membership,A bigger price gap vs other apps,4.0,3.0,1.0,5.0,,True,False,True,True,True,False,True,True,False,False,True,1,3.0,True,True,True,1.0,False,1.0,True,False,False,0.0,"Says ordered, reports 0 recent (unexplained)",,,,False,False,False,False,True,False
R118,2026-09-18 17:38:36.803,Bengaluru,Jayanagar / JP Nagar / Banashankari,,30–35,Working full-time,"Swiggy One (any plan), Zomato Gold",Never,Yes,1.0,5.0,0.0,1.0,Zomato,758.0,,"Yes, it felt fair","₹260 total, arrives in 30 minutes","₹260 total, late by 15+ minutes in about 1 of every 10 orders","₹230 total, has only a few of your usual restaurants",₹100 or more,Definitely,Probably,Service Q,I also look in for quality of food,Probably,Agree,I don't use the Rapido app,I hadn't heard of Ownly,My usual restaurants being on it,,,,,,,,,,5.0,4.0,4.0,4.0,100.0,False,False,False,False,True,False,True,False,False,False,True,1,0.0,False,False,False,3.0,True,7.0,True,False,False,0.0,Never ordered on Ownly,,,,False,False,False,False,True,False
R119,2026-09-18 17:45:42.207,Another city,,Another Indian city,18–24,Student (postgraduate / PhD),,1-3 times,Yes,4.0,2.0,7.0,0.0,Swiggy,700.0,,"No, the extra charges on top were too much",,,,,,,,,,,Yes,,,,,,,,,,,,,,,,,False,False,,,,False,True,True,False,False,False,0,,False,False,False,3.0,True,13.0,True,False,False,7.0,Never ordered on Ownly,,,,False,False,False,False,False,True
R120,2026-09-18 18:58:04.585,Hyderabad,Another part of Hyderabad,,25–29,Looking for a job,"Swiggy One (any plan), Zomato Gold",1–3 times,Yes,4.0,5.0,0.0,0.0,Swiggy,111.0,,"Yes, it felt fair","₹260 total, arrives in 30 minutes","₹260 total, late by 15+ minutes in about 1 of every 10 orders","₹230 total, has only a few of your usual restaurants",Don't know,Definitely,Definitely,Service Q,,Probably,Disagree,Not sure,"I'd heard of it, but never opened it",,"Friends, classmates or colleagues",Just haven't got around to it,,,,,,,,5.0,5.0,4.0,2.0,,False,True,False,False,True,False,True,False,False,False,True,1,1.0,True,False,False,2.0,True,9.0,True,False,False,0.0,Never ordered on Ownly,,,,True,False,False,True,False,False
R121,2026-09-18 19:52:57.230,Hyderabad,Gachibowli,,25–29,Student (postgraduate / PhD),Zomato Gold,1–3 times,Yes,0.0,1.0,0.0,0.0,Zomato,240.0,,"Yes, it felt fair","₹230 total, arrives in 45 minutes","₹230 total, late by 15+ minutes in about 3 of every 10 orders","₹230 total, has only a few of your usual restaurants",₹30,Probably,Probably,Service Q,choices and reliability,Probably not,Agree,No,I hadn't heard of Ownly,Seeing it's cheaper than Swiggy/Zomato for the same order,,,,,,,,,,4.0,4.0,2.0,4.0,30.0,False,False,True,True,True,False,True,False,True,True,True,1,0.0,False,False,False,1.0,False,1.0,True,False,False,0.0,Never ordered on Ownly,,,,True,True,True,True,False,False
R122,2026-09-18 19:56:58.882,Hyderabad,Another part of Hyderabad,,18–24,Working full-time,"Swiggy One (any plan), Zomato Gold",Several times a week,Yes,4.0,3.0,0.0,0.0,Zomato,120.0,,"Yes, it felt fair","₹230 total, arrives in 45 minutes","₹260 total, late by 15+ minutes in about 1 of every 10 orders","₹260 total, has most of your usual restaurants",₹50,Definitely,Definitely,Service Q,Quick delivery ,Definitely,Neither,Yes,I've ordered on Ownly,,,,,In the last 4 weeks,1.0,Ordered the same on Swiggy or Zomato,Somewhat disappointed,,Faster delivery,5.0,5.0,5.0,3.0,50.0,False,False,True,False,False,False,True,True,False,False,True,1,3.0,True,True,True,2.0,True,7.0,True,True,False,,CONFLICTING - recent count unavailable,,,,True,False,False,True,False,False
R123,2026-09-18 19:58:02.829,Hyderabad,Gachibowli,,25–29,Working full-time,Zomato Gold,About once a week,Yes,0.0,5.0,0.0,5.0,Zomato,400.0,,"No, the food itself was overpriced","₹230 total, arrives in 45 minutes","₹260 total, late by 15+ minutes in about 1 of every 10 orders","₹230 total, has only a few of your usual restaurants",₹30,Not sure,Probably,Service P,,Probably not,Disagree,No,"I'd heard of it, but never opened it",,"Hoardings, posters or street campaigns",I heard bad things about its delivery or support,,,,,,,,3.0,4.0,2.0,2.0,30.0,False,False,True,False,True,False,True,False,True,True,True,1,1.0,True,False,False,2.0,True,10.0,True,False,False,0.0,Never ordered on Ownly,,,,True,True,True,True,False,False
R124,2026-09-18 22:26:02.103,Hyderabad,Serilingampally / Nallagandla / Tellapur,,30–35,Working full-time,"Swiggy One (any plan), Zomato Gold",1–3 times,Yes,15.0,6.0,0.0,0.0,Swiggy,568.0,,"No, the food itself was overpriced","₹230 total, arrives in 45 minutes","₹230 total, late by 15+ minutes in about 3 of every 10 orders","₹260 total, has most of your usual restaurants",Don't know,Definitely,Definitely,Service P,,Not sure,Agree,No,"I opened or browsed it, but didn't order",,,,Prices weren't lower than my usual app,,,,,,,5.0,5.0,3.0,4.0,,False,True,True,True,False,False,True,False,True,False,True,1,2.0,True,True,False,2.0,True,21.0,True,False,False,0.0,Never ordered on Ownly,,,,True,True,False,True,False,False
R125,2026-09-19 02:05:20.945,Hyderabad,Another part of Hyderabad,,18–24,Working full-time,,Several times a week,Yes,1.0,0.0,0.0,0.0,Swiggy,250.0,,"No, the extra charges on top were too much","₹230 total, arrives in 45 minutes","₹260 total, late by 15+ minutes in about 1 of every 10 orders","₹230 total, has only a few of your usual restaurants","No amount, price alone wouldn't make me switch",Probably,Definitely,Service Q,,Not sure,Agree,Not sure,I hadn't heard of Ownly,Seeing it's cheaper than Swiggy/Zomato for the same order,,,,,,,,,,4.0,5.0,3.0,4.0,,True,False,True,False,True,False,True,True,False,False,False,0,0.0,False,False,False,1.0,False,1.0,True,False,False,0.0,Never ordered on Ownly,,,,True,False,False,True,False,False
