date,channel,campaign_type,region,impressions,clicks,ctr_pct,spend_usd,qualified_leads,conversions,conversion_rate_pct,revenue_usd,roas,cpa_usd
2024-01-01,Google Ads,Conversion,South,228518,3120,1.37,3057.47,207,428,13.72,166518.65,54.46,7.14
2024-01-01,LinkedIn,Retention,South,109946,4791,4.36,12715.17,118,94,1.96,7828.43,0.62,135.27
2024-01-01,Email,Conversion,North,180481,9113,5.05,13652.54,650,665,7.3,199547.68,14.62,20.53
2024-01-02,Display,Consideration,West,68878,1884,2.74,5282.53,225,95,5.04,9980.29,1.89,55.61
2024-01-02,Email,Conversion,West,10075,305,3.03,766.85,6,34,11.15,2595.39,3.38,22.55
2024-01-02,Meta Ads,Consideration,West,92969,746,0.8,1584.16,52,50,6.7,13246.2,8.36,31.68
2024-01-04,Google Ads,Retention,South,228563,17220,7.53,34941.07,3076,671,3.9,171023.15,4.89,52.07
2024-01-04,Display,Consideration,West,105127,3195,3.04,4301.22,405,66,2.07,2076.7,0.48,65.17
2024-01-05,Organic Social,Consideration,East,196420,7578,3.86,16806.59,980,258,3.4,87655.48,5.22,65.14
2024-01-05,Google Ads,Retention,South,160914,9476,5.89,26898.33,877,1047,11.05,202006.57,7.51,25.69
2024-01-05,Referral,Conversion,North,137453,3785,2.75,8386.53,536,205,5.42,58969.09,7.03,40.91
2024-01-05,Meta Ads,Consideration,North,22071,928,4.2,1055.22,50,107,11.53,12586.87,11.93,9.86
2024-01-06,Referral,Retention,West,218397,16449,7.53,56290.23,2753,824,5.01,248814.77,4.42,68.31
2024-01-07,Meta Ads,Retention,West,137379,8851,6.44,25867.95,362,899,10.16,168933.28,6.53,28.77
2024-01-08,Email,Conversion,North,57887,1298,2.24,1670.39,179,94,7.24,32073.71,19.2,17.77
2024-01-09,Display,Conversion,East,231058,13649,5.91,40455.15,1111,1249,9.15,488548.63,12.08,32.39
2024-01-09,Organic Search,Consideration,West,182912,7573,4.14,14702.68,1170,227,3.0,61033.6,4.15,64.77
2024-01-09,Meta Ads,Consideration,South,215294,5641,2.62,8418.18,671,516,9.15,73985.97,8.79,16.31
2024-01-10,Organic Search,Conversion,South,26281,2055,7.82,5342.96,208,97,4.72,25284.25,4.73,55.08
2024-01-10,Organic Social,Conversion,South,15516,951,6.13,1854.87,48,41,4.31,9121.35,4.92,45.24
2024-01-12,LinkedIn,Awareness,West,123325,3173,2.57,5046.05,427,284,8.95,33551.05,6.65,17.77
2024-01-12,Referral,Consideration,South,45379,3164,6.97,7129.73,618,169,5.34,61536.33,8.63,42.19
2024-01-13,LinkedIn,Consideration,South,22543,462,2.05,117.52,77,16,3.46,4562.33,38.82,7.34
2024-01-13,Display,Retention,South,166475,2474,1.49,4393.66,76,188,7.6,11508.84,2.62,23.37
2024-01-13,Referral,Retention,West,25095,1447,5.77,4229.74,126,178,12.3,43106.22,10.19,23.76
2024-01-14,Organic Social,Retention,South,126673,6228,4.92,21565.67,1162,821,13.18,126059.55,5.85,26.27
2024-01-14,Google Ads,Conversion,West,161590,8093,5.01,19274.98,894,1057,13.06,278046.8,14.43,18.24
2024-01-15,Meta Ads,Conversion,North,187650,2850,1.52,5977.91,396,305,10.7,79255.41,13.26,19.6
2024-01-15,Google Ads,Consideration,South,10906,593,5.44,1396.18,109,11,1.85,748.27,0.54,126.93
2024-01-16,LinkedIn,Conversion,South,153930,3081,2.0,10198.49,546,152,4.93,32745.39,3.21,67.1
2024-01-17,Referral,Retention,South,69046,1782,2.58,1172.71,196,187,10.49,46081.37,39.29,6.27
2024-01-18,Organic Search,Retention,West,178824,7225,4.04,19691.35,713,197,2.73,33980.39,1.73,99.96
2024-01-19,Meta Ads,Consideration,North,100071,3789,3.79,1574.97,307,252,6.65,80697.98,51.24,6.25
2024-01-19,Meta Ads,Conversion,East,178333,5881,3.3,1931.07,878,447,7.6,83123.73,43.05,4.32
2024-01-20,LinkedIn,Awareness,West,45510,1854,4.07,4867.42,132,220,11.87,59506.1,12.23,22.12
2024-01-20,Organic Search,Retention,East,101038,856,0.85,1114.87,55,63,7.36,9553.4,8.57,17.7
2024-01-21,Organic Social,Consideration,North,184017,13932,7.57,14929.46,1172,660,4.74,142154.03,9.52,22.62
2024-01-21,LinkedIn,Retention,East,55601,1414,2.54,2171.98,73,55,3.89,10538.02,4.85,39.49
2024-01-22,Meta Ads,Retention,East,96006,4405,4.59,8457.67,639,156,3.54,49948.14,5.91,54.22
2024-01-22,Organic Social,Conversion,South,215223,3232,1.5,2523.69,423,194,6.0,34507.45,13.67,13.01
2024-01-23,Display,Consideration,North,12461,538,4.32,651.47,57,42,7.81,2889.15,4.43,15.51
2024-01-25,Meta Ads,Awareness,West,87302,4373,5.01,6993.11,394,103,2.36,20144.23,2.88,67.89
2024-01-26,Organic Search,Consideration,West,91716,5171,5.64,3843.45,949,503,9.73,34867.15,9.07,7.64
2024-01-27,Display,Conversion,East,232208,17933,7.72,20787.47,452,1229,6.85,470371.55,22.63,16.91
2024-01-28,Meta Ads,Conversion,West,15503,610,3.93,273.24,96,44,7.21,15550.5,56.91,6.21
2024-01-28,Display,Retention,North,102756,4867,4.74,1456.81,887,61,1.25,19691.06,13.52,23.88
2024-01-28,Display,Conversion,South,215129,7646,3.55,16811.95,767,577,7.55,72595.71,4.32,29.14
2024-01-29,Organic Social,Awareness,South,31421,2439,7.76,6608.38,290,66,2.71,15381.2,2.33,100.13
2024-01-29,Referral,Awareness,West,31170,385,1.24,851.75,73,32,8.31,3538.14,4.15,26.62
2024-02-02,Organic Social,Awareness,East,70087,5135,7.33,10730.78,298,495,9.64,41929.17,3.91,21.68
2024-02-02,Organic Search,Consideration,West,85257,5218,6.12,12804.29,592,152,2.91,17106.38,1.34,84.24
2024-02-02,Email,Retention,North,244511,12086,4.94,25793.05,1274,1709,14.14,109081.57,4.23,15.09
2024-02-04,Organic Search,Awareness,West,153066,4026,2.63,3616.93,267,43,1.07,4304.05,1.19,84.11
2024-02-04,Google Ads,Awareness,East,99333,6025,6.07,5376.27,1008,493,8.18,135987.54,25.29,10.91
2024-02-04,Google Ads,Conversion,South,142653,9878,6.92,26030.43,1797,1276,12.92,77839.39,2.99,20.4
2024-02-04,Organic Social,Retention,North,177232,1528,0.86,1199.51,245,78,5.1,27112.54,22.6,15.38
2024-02-04,Organic Search,Conversion,North,114472,5911,5.16,11870.82,326,531,8.98,116770.29,9.84,22.36
2024-02-05,Organic Search,Consideration,West,215746,13053,6.05,16626.7,464,1933,14.81,418393.63,25.16,8.6
2024-02-05,Referral,Consideration,South,13438,775,5.77,2367.77,99,11,1.42,648.69,0.27,215.25
2024-02-05,LinkedIn,Consideration,North,249576,5825,2.33,10241.61,176,696,11.95,97747.94,9.54,14.71
2024-02-06,LinkedIn,Consideration,North,244141,6297,2.58,4073.29,888,683,10.85,226452.52,55.59,5.96
2024-02-06,Google Ads,Awareness,North,13036,884,6.78,1156.69,102,15,1.7,2349.13,2.03,77.11
2024-02-06,Meta Ads,Conversion,North,16002,1160,7.25,1950.96,161,12,1.03,3534.15,1.81,162.58
2024-02-07,Email,Awareness,East,179018,10534,5.88,11513.79,1329,309,2.93,66735.7,5.8,37.26
2024-02-08,Meta Ads,Consideration,North,104931,6492,6.19,13079.72,623,147,2.26,18383.57,1.41,88.98
2024-02-08,Organic Search,Awareness,North,199387,11698,5.87,13867.41,656,634,5.42,142822.43,10.3,21.87
2024-02-08,Referral,Retention,West,210950,1888,0.89,4472.06,141,243,12.87,78224.06,17.49,18.4
2024-02-08,Email,Conversion,South,240037,15295,6.37,5963.83,1749,1706,11.15,505216.93,84.71,3.5
2024-02-08,Organic Social,Retention,North,214477,7928,3.7,17893.26,1088,82,1.03,17414.47,0.97,218.21
2024-02-10,Organic Social,Retention,North,162462,10447,6.43,9396.91,1674,1365,13.07,432147.63,45.99,6.88
2024-02-10,Google Ads,Retention,South,131439,9492,7.22,13529.45,1500,920,9.69,318531.38,23.54,14.71
2024-02-10,LinkedIn,Consideration,South,42991,580,1.35,1312.98,113,48,8.28,9570.62,7.29,27.35
2024-02-11,Google Ads,Retention,South,130576,8348,6.39,6894.41,596,914,10.95,173170.08,25.12,7.54
2024-02-11,Organic Social,Conversion,East,86532,5837,6.75,1693.36,191,754,12.92,163090.2,96.31,2.25
2024-02-12,Meta Ads,Consideration,East,220598,14042,6.37,24142.15,1154,574,4.09,117673.74,4.87,42.06
2024-02-13,Organic Social,Conversion,South,46862,3662,7.81,6385.96,563,483,13.19,136942.35,21.44,13.22
2024-02-13,Referral,Awareness,West,145659,5974,4.1,3548.69,590,117,1.96,16477.79,4.64,30.33
2024-02-13,LinkedIn,Awareness,East,208127,11171,5.37,16436.63,1867,1456,13.03,413749.09,25.17,11.29
2024-02-13,Email,Awareness,West,180251,13789,7.65,47625.38,1639,443,3.21,98471.57,2.07,107.51
2024-02-14,Meta Ads,Consideration,East,160289,12235,7.63,26265.07,2292,1038,8.48,135385.74,5.15,25.3
2024-02-15,Display,Consideration,East,132795,2892,2.18,8269.0,551,77,2.66,28931.63,3.5,107.39
2024-02-15,Display,Conversion,North,143367,2328,1.62,3059.27,75,185,7.95,30155.35,9.86,16.54
2024-02-16,Referral,Consideration,East,191470,8335,4.35,27121.53,851,960,11.52,341430.96,12.59,28.25
2024-02-16,Meta Ads,Retention,North,73026,3944,5.4,13017.81,511,517,13.11,118821.77,9.13,25.18
2024-02-16,Email,Awareness,North,215000,5922,2.75,14446.9,391,254,4.29,20894.08,1.45,56.88
2024-02-17,Meta Ads,Conversion,West,220814,5316,2.41,10710.78,495,259,4.87,60061.43,5.61,41.35
2024-02-17,Referral,Awareness,East,239430,14206,5.93,9923.61,2017,821,5.78,221941.66,22.37,12.09
2024-02-18,Referral,Awareness,North,76853,4089,5.32,6440.49,248,244,5.97,76161.57,11.83,26.4
2024-02-18,Organic Social,Retention,South,169437,4892,2.89,9333.85,627,546,11.16,204557.39,21.92,17.09
2024-02-19,LinkedIn,Conversion,South,15800,273,1.73,906.4,39,11,4.03,838.22,0.92,82.4
2024-02-20,Display,Retention,West,60718,934,1.54,2826.61,33,113,12.1,7676.75,2.72,25.01
2024-02-20,Meta Ads,Consideration,East,77692,3024,3.89,2655.26,331,427,14.12,15080.78,5.68,6.22
2024-02-20,Display,Consideration,West,38623,2374,6.15,7090.07,159,154,6.49,43555.94,6.14,46.04
2024-02-21,Email,Awareness,West,117169,5902,5.04,5660.41,887,500,8.47,144104.91,25.46,11.32
2024-02-21,Organic Search,Consideration,East,36852,2899,7.87,7481.28,156,282,9.73,80000.9,10.69,26.53
2024-02-21,Meta Ads,Awareness,South,142488,5007,3.51,15830.25,904,474,9.47,67867.83,4.29,33.4
2024-02-22,Organic Social,Conversion,North,83258,2927,3.52,5696.96,285,69,2.36,20470.11,3.59,82.56
2024-02-22,Organic Social,Conversion,South,191368,7653,4.0,8125.65,425,826,10.79,221513.65,27.26,9.84
2024-02-22,Google Ads,Retention,East,96179,1130,1.17,1516.49,111,33,2.92,12593.25,8.3,45.95
2024-02-22,Email,Conversion,South,13210,120,0.91,416.67,11,4,3.33,901.54,2.16,104.17
2024-02-22,Referral,Retention,South,136430,5325,3.9,15606.38,517,97,1.82,33362.03,2.14,160.89
2024-02-23,Display,Conversion,West,195590,10774,5.51,32100.23,1351,887,8.23,68363.94,2.13,36.19
2024-02-23,Google Ads,Awareness,South,45197,3547,7.85,9740.12,403,198,5.58,39001.15,4.0,49.19
2024-02-23,Meta Ads,Conversion,West,148891,7991,5.37,2164.88,375,978,12.24,225237.48,104.04,2.21
2024-02-23,Email,Consideration,East,215748,4049,1.88,3619.04,128,432,10.67,94343.81,26.07,8.38
2024-02-23,LinkedIn,Conversion,South,210735,16708,7.93,19150.9,2527,1106,6.62,192896.74,10.07,17.32
2024-02-23,Google Ads,Retention,West,56919,844,1.48,2480.83,101,14,1.66,1810.86,0.73,177.2
2024-02-24,Email,Consideration,West,50232,3233,6.44,5080.04,273,378,11.69,30877.38,6.08,13.44
2024-02-26,Google Ads,Awareness,North,90376,4866,5.38,14456.99,805,249,5.12,65458.81,4.53,58.06
2024-02-27,Organic Social,Awareness,South,188043,10226,5.44,24234.54,918,1342,13.12,154660.37,6.38,18.06
2024-02-27,Organic Social,Retention,West,7261,348,4.79,578.26,56,27,7.76,1978.66,3.42,21.42
2024-02-27,LinkedIn,Consideration,East,75028,2968,3.96,4579.99,222,125,4.21,14589.62,3.19,36.64
2024-02-27,Organic Search,Retention,East,127813,6263,4.9,14744.59,207,409,6.53,69574.77,4.72,36.05
2024-02-27,Referral,Retention,West,205641,13303,6.47,15788.23,2499,638,4.8,253684.06,16.07,24.75
2024-02-27,LinkedIn,Conversion,West,107112,5475,5.11,11210.69,498,778,14.21,289084.86,25.79,14.41
2024-02-28,Organic Social,Conversion,North,7336,122,1.66,233.86,19,3,2.46,1104.4,4.72,77.95
2024-02-29,Referral,Conversion,East,49363,669,1.36,1747.58,46,15,2.24,1571.55,0.9,116.51
2024-02-29,LinkedIn,Retention,West,160336,1881,1.17,5535.01,256,40,2.13,15016.99,2.71,138.38
2024-03-02,LinkedIn,Consideration,North,11530,565,4.9,941.2,100,79,13.98,7930.36,8.43,11.91
2024-03-02,Organic Search,Retention,West,224780,17372,7.73,26368.8,477,2262,13.02,70958.69,2.69,11.66
2024-03-02,Google Ads,Awareness,North,68918,3913,5.68,5325.61,663,284,7.26,41663.95,7.82,18.75
2024-03-03,Referral,Retention,South,187779,5107,2.72,2729.86,627,428,8.38,103727.42,38.0,6.38
2024-03-03,Organic Social,Awareness,East,115454,8372,7.25,23430.47,1082,210,2.51,32853.89,1.4,111.57
2024-03-03,Google Ads,Consideration,North,180674,2542,1.41,6194.23,290,148,5.82,27925.71,4.51,41.85
2024-03-05,Meta Ads,Consideration,South,175404,7872,4.49,4688.53,1396,201,2.55,74271.96,15.84,23.33
2024-03-05,Organic Search,Retention,East,46869,2457,5.24,2958.2,68,333,13.55,102430.99,34.63,8.88
2024-03-05,Organic Social,Conversion,North,108850,2766,2.54,2586.32,185,362,13.09,75629.98,29.24,7.14
2024-03-06,Organic Social,Conversion,East,238240,14961,6.28,39424.03,2657,1957,13.08,401983.88,10.2,20.15
2024-03-08,Display,Awareness,East,122886,2871,2.34,8723.11,446,268,9.33,21853.22,2.51,32.55
2024-03-09,Email,Awareness,South,135544,8153,6.02,8593.66,188,1172,14.38,99689.41,11.6,7.33
2024-03-09,Meta Ads,Conversion,North,27785,969,3.49,2699.76,109,14,1.44,3728.32,1.38,192.84
2024-03-09,LinkedIn,Consideration,North,69200,2776,4.01,3565.74,320,274,9.87,81523.53,22.86,13.01
2024-03-10,Organic Search,Consideration,East,165761,2283,1.38,5415.65,210,261,11.43,82664.84,15.26,20.75
2024-03-12,Google Ads,Conversion,North,240718,3883,1.61,6545.48,285,49,1.26,17029.29,2.6,133.58
2024-03-14,Organic Search,Retention,South,180767,4882,2.7,17001.04,696,175,3.58,63010.81,3.71,97.15
2024-03-15,Google Ads,Awareness,East,185488,5076,2.74,16395.79,291,702,13.83,279759.39,17.06,23.36
2024-03-15,Email,Retention,West,47359,1336,2.82,1438.0,218,36,2.69,2214.11,1.54,39.94
2024-03-16,Email,Conversion,West,155611,7444,4.78,10683.48,1224,538,7.23,64126.27,6.0,19.86
2024-03-16,Meta Ads,Retention,South,79965,1890,2.36,3871.09,179,81,4.29,23114.43,5.97,47.79
2024-03-16,Organic Search,Consideration,South,81449,5651,6.94,16754.99,401,798,14.12,55007.13,3.28,21.0
2024-03-20,Email,Consideration,North,87035,961,1.1,3345.02,68,67,6.97,23130.32,6.91,49.93
2024-03-21,LinkedIn,Retention,North,80939,890,1.1,1068.6,95,66,7.42,14028.99,13.13,16.19
2024-03-21,Meta Ads,Retention,West,195706,4141,2.12,4226.0,619,90,2.17,34261.61,8.11,46.96
2024-03-21,Organic Search,Awareness,North,194139,4989,2.57,10419.46,422,362,7.26,88844.88,8.53,28.78
2024-03-22,Meta Ads,Conversion,North,156203,8341,5.34,12514.68,1082,1250,14.99,188324.05,15.05,10.01
2024-03-24,Referral,Awareness,South,151045,9457,6.26,29223.02,840,1061,11.22,299798.0,10.26,27.54
2024-03-26,Email,Awareness,North,244968,9290,3.79,31002.35,695,1245,13.4,147598.42,4.76,24.9
2024-03-26,Google Ads,Conversion,East,166445,11255,6.76,12205.11,275,1102,9.79,70782.73,5.8,11.08
2024-03-28,LinkedIn,Consideration,West,156716,5781,3.69,20078.93,119,788,13.63,88660.74,4.42,25.48
2024-03-29,Email,Awareness,East,116672,5679,4.87,11999.59,345,490,8.63,95586.86,7.97,24.49
2024-03-29,Meta Ads,Conversion,South,172708,1524,0.88,782.38,141,225,14.76,31943.38,40.83,3.48
2024-03-30,LinkedIn,Consideration,North,222144,11677,5.26,6384.44,2022,1183,10.13,280439.89,43.93,5.4
2024-03-30,Organic Search,Awareness,East,96575,4468,4.63,10927.7,731,49,1.1,11282.02,1.03,223.01
2024-03-30,LinkedIn,Conversion,East,144839,6008,4.15,11758.2,409,229,3.81,88347.45,7.51,51.35
2024-03-31,Organic Search,Conversion,North,196083,8791,4.48,5476.35,562,730,8.3,49694.66,9.07,7.5
2024-04-01,Google Ads,Awareness,East,98269,1607,1.64,3658.02,97,28,1.74,7386.28,2.02,130.64
2024-04-01,Display,Awareness,East,182809,1923,1.05,4511.23,155,212,11.02,38020.42,8.43,21.28
2024-04-01,Referral,Awareness,West,224368,5356,2.39,4532.36,587,372,6.95,50537.42,11.15,12.18
2024-04-02,Referral,Awareness,South,84239,1907,2.26,5857.45,188,39,2.05,10144.55,1.73,150.19
2024-04-03,Organic Search,Retention,East,99475,3077,3.09,3844.62,182,202,6.56,13058.12,3.4,19.03
2024-04-04,Email,Retention,North,153934,3507,2.28,7095.16,152,129,3.68,40362.84,5.69,55.0
2024-04-04,Email,Retention,East,22297,1259,5.65,2186.49,28,83,6.59,4051.71,1.85,26.34
2024-04-05,LinkedIn,Retention,South,150448,1510,1.0,1485.26,72,194,12.85,38125.61,25.67,7.66
2024-04-05,Google Ads,Conversion,West,178942,8224,4.6,24938.71,1208,175,2.13,19901.46,0.8,142.51
2024-04-05,Display,Retention,East,138241,4783,3.46,5967.56,305,573,11.98,197103.08,33.03,10.41
2024-04-05,Organic Search,Consideration,North,67493,3623,5.37,11594.11,378,378,10.43,21186.89,1.83,30.67
2024-04-05,LinkedIn,Awareness,South,165081,6767,4.1,6491.88,855,525,7.76,42504.85,6.55,12.37
2024-04-06,Display,Awareness,South,222569,15871,7.13,43122.02,2850,1263,7.96,349740.85,8.11,34.14
2024-04-06,Referral,Conversion,North,246506,16874,6.85,33710.79,3037,2117,12.55,832901.35,24.71,15.92
2024-04-07,LinkedIn,Conversion,South,53781,1301,2.42,2177.97,200,181,13.91,18799.14,8.63,12.03
2024-04-08,Google Ads,Consideration,South,23351,795,3.4,843.4,20,20,2.52,7481.52,8.87,42.17
2024-04-08,Referral,Retention,South,179427,6363,3.55,3774.36,785,146,2.29,8651.69,2.29,25.85
2024-04-08,Referral,Conversion,South,121219,2063,1.7,3562.41,333,36,1.75,13926.98,3.91,98.96
2024-04-08,Organic Search,Retention,South,97493,5753,5.9,4422.8,132,330,5.74,42727.43,9.66,13.4
2024-04-08,Meta Ads,Consideration,North,136354,6474,4.75,4611.62,770,347,5.36,19530.49,4.24,13.29
2024-04-08,LinkedIn,Consideration,East,150639,5874,3.9,8051.24,1024,484,8.24,169684.06,21.08,16.63
2024-04-08,Display,Awareness,North,5340,329,6.16,1008.53,34,14,4.26,4439.02,4.4,72.04
2024-04-08,Organic Search,Consideration,South,162489,6522,4.01,12281.55,135,584,8.95,52874.25,4.31,21.03
2024-04-09,Google Ads,Conversion,East,33228,630,1.9,565.46,13,24,3.81,3808.31,6.73,23.56
2024-04-09,Referral,Retention,East,32716,635,1.94,421.04,60,41,6.46,3136.96,7.45,10.27
2024-04-09,LinkedIn,Retention,East,126251,8186,6.48,17971.82,392,345,4.21,109990.11,6.12,52.09
2024-04-09,Organic Search,Retention,West,124006,3634,2.93,10739.76,507,413,11.36,116573.64,10.85,26.0
2024-04-10,LinkedIn,Consideration,East,37602,1694,4.51,5018.34,250,157,9.27,48442.91,9.65,31.96
2024-04-10,Referral,Retention,East,212780,15997,7.52,12632.36,832,2094,13.09,152388.91,12.06,6.03
2024-04-10,Referral,Awareness,West,197512,14542,7.36,44422.6,2616,735,5.05,145399.13,3.27,60.44
2024-04-10,Organic Search,Awareness,North,94087,1784,1.9,3071.41,177,44,2.47,8684.53,2.83,69.8
2024-04-12,Google Ads,Consideration,East,143999,8386,5.82,10371.62,383,913,10.89,354893.72,34.22,11.36
2024-04-12,LinkedIn,Retention,West,191356,4497,2.35,5624.09,708,389,8.65,136211.85,24.22,14.46
2024-04-12,LinkedIn,Consideration,South,213537,9061,4.24,23326.24,1469,259,2.86,52235.16,2.24,90.06
2024-04-13,Organic Social,Conversion,South,248800,8469,3.4,24059.89,1143,944,11.15,100550.29,4.18,25.49
2024-04-13,Email,Awareness,North,100074,3901,3.9,9242.65,677,526,13.48,130197.55,14.09,17.57
2024-04-14,Google Ads,Conversion,North,184587,6853,3.71,17263.7,1046,118,1.72,6266.32,0.36,146.3
2024-04-15,Referral,Consideration,South,188965,7328,3.88,4839.27,1310,428,5.84,87478.52,18.08,11.31
2024-04-15,Organic Social,Conversion,East,210977,16870,8.0,46572.64,1654,2498,14.81,337483.81,7.25,18.64
2024-04-16,Referral,Awareness,North,243511,13901,5.71,43024.54,2148,1727,12.42,647571.14,15.05,24.91
2024-04-17,Google Ads,Awareness,West,83279,2794,3.35,9728.29,558,72,2.58,12373.45,1.27,135.12
2024-04-17,LinkedIn,Conversion,East,185488,3891,2.1,8325.21,585,531,13.65,149639.75,17.97,15.68
2024-04-18,LinkedIn,Retention,West,166726,4035,2.42,5910.78,163,417,10.33,136065.85,23.02,14.17
2024-04-21,Organic Search,Awareness,North,244017,9638,3.95,30110.6,1091,695,7.21,141273.5,4.69,43.32
2024-04-21,Referral,Conversion,South,147312,7119,4.83,20403.99,895,859,12.07,249015.5,12.2,23.75
2024-04-22,Email,Awareness,East,134295,9724,7.24,6842.74,499,988,10.16,42216.44,6.17,6.93
2024-04-22,Google Ads,Conversion,East,64711,2929,4.53,8121.95,566,256,8.74,83506.78,10.28,31.73
2024-04-22,Meta Ads,Retention,North,210730,13949,6.62,19732.08,719,1508,10.81,324238.92,16.43,13.08
2024-04-22,Referral,Awareness,South,89246,6209,6.96,15450.96,322,498,8.02,136173.77,8.81,31.03
2024-04-22,Email,Conversion,South,176790,3678,2.08,2784.67,679,266,7.23,43490.56,15.62,10.47
2024-04-23,LinkedIn,Awareness,South,241356,13187,5.46,7522.28,1367,1434,10.87,97402.5,12.95,5.25
2024-04-23,Organic Search,Consideration,South,33933,452,1.33,1060.3,14,13,2.88,1311.94,1.24,81.56
2024-04-24,Organic Social,Consideration,West,153510,10297,6.71,23321.65,1314,577,5.6,125951.91,5.4,40.42
2024-04-25,Google Ads,Retention,North,182109,8308,4.56,26261.74,1066,477,5.74,134126.83,5.11,55.06
2024-04-25,Google Ads,Retention,West,223517,13592,6.08,27037.82,429,328,2.41,11772.08,0.44,82.43
2024-04-25,Google Ads,Retention,East,54437,516,0.95,962.29,100,18,3.49,4091.83,4.25,53.46
2024-04-26,Google Ads,Consideration,South,153049,6727,4.4,13801.51,793,446,6.63,96773.46,7.01,30.95
2024-04-26,Referral,Awareness,North,11142,595,5.34,1999.73,71,48,8.07,2549.64,1.27,41.66
2024-04-27,Meta Ads,Retention,South,76425,2157,2.82,3904.5,245,309,14.33,74040.02,18.96,12.64
2024-04-28,Google Ads,Retention,East,202706,3060,1.51,4618.2,397,296,9.67,82474.83,17.86,15.6
2024-04-29,Google Ads,Consideration,South,187947,6655,3.54,3084.59,449,310,4.66,12129.64,3.93,9.95
2024-04-29,Organic Social,Conversion,West,158262,11124,7.03,20820.3,797,361,3.25,111880.94,5.37,57.67
2024-04-30,Display,Awareness,South,51305,3930,7.66,3872.6,440,501,12.75,91718.69,23.68,7.73
2024-05-01,LinkedIn,Conversion,East,86442,2037,2.36,3260.06,336,104,5.11,4503.96,1.38,31.35
2024-05-01,Google Ads,Awareness,North,175047,10827,6.19,35675.13,313,506,4.67,98239.36,2.75,70.5
2024-05-01,Google Ads,Conversion,South,138611,2557,1.84,2982.07,328,254,9.93,81779.25,27.42,11.74
2024-05-01,Google Ads,Awareness,East,31762,398,1.25,597.63,65,17,4.27,4324.17,7.24,35.15
2024-05-01,Referral,Consideration,South,21715,488,2.25,1410.24,23,72,14.75,2582.29,1.83,19.59
2024-05-02,Organic Social,Awareness,North,107932,1077,1.0,2696.1,24,105,9.75,16490.23,6.12,25.68
2024-05-03,Meta Ads,Consideration,North,34516,1344,3.89,1283.66,102,117,8.71,11210.6,8.73,10.97
2024-05-03,Organic Social,Retention,West,215262,13667,6.35,9074.22,1720,1764,12.91,400698.67,44.16,5.14
2024-05-04,Referral,Consideration,North,54334,3804,7.0,7041.0,170,224,5.89,30075.36,4.27,31.43
2024-05-05,LinkedIn,Awareness,East,164136,8153,4.97,18671.78,788,399,4.89,110270.58,5.91,46.8
2024-05-05,Organic Social,Awareness,East,66350,1534,2.31,2327.35,183,59,3.85,6239.03,2.68,39.45
2024-05-05,Google Ads,Consideration,East,43547,450,1.03,1483.02,57,65,14.44,17023.83,11.48,22.82
2024-05-05,Display,Awareness,North,208774,7541,3.61,6977.66,523,972,12.89,94209.71,13.5,7.18
2024-05-06,Google Ads,Retention,East,15651,1008,6.44,2922.85,92,31,3.08,9482.36,3.24,94.29
2024-05-06,Organic Search,Conversion,North,165105,9520,5.77,21042.77,1524,770,8.09,250125.86,11.89,27.33
2024-05-07,LinkedIn,Awareness,West,86835,4910,5.65,10172.95,930,176,3.58,69084.81,6.79,57.8
2024-05-07,Email,Conversion,North,71314,2558,3.59,5090.28,448,217,8.48,84247.49,16.55,23.46
2024-05-07,Google Ads,Retention,West,67824,598,0.88,833.23,72,54,9.03,17648.94,21.18,15.43
2024-05-07,Organic Search,Retention,North,182810,11028,6.03,14040.67,1035,1428,12.95,356757.9,25.41,9.83
2024-05-08,Meta Ads,Retention,South,27010,1218,4.51,2061.69,97,46,3.78,5085.68,2.47,44.82
2024-05-08,LinkedIn,Awareness,North,76947,789,1.03,1135.47,33,108,13.69,11555.92,10.18,10.51
2024-05-08,Google Ads,Awareness,South,231416,14932,6.45,47350.28,585,1603,10.74,340777.92,7.2,29.54
2024-05-09,Display,Awareness,South,137161,9998,7.29,27255.77,1438,1028,10.28,357543.51,13.12,26.51
2024-05-09,Organic Search,Conversion,East,33795,410,1.21,517.98,27,46,11.22,1870.2,3.61,11.26
2024-05-10,Referral,Conversion,West,102239,5111,5.0,10622.21,336,703,13.75,198212.76,18.66,15.11
2024-05-10,Organic Search,Consideration,South,140565,3356,2.39,5852.41,670,443,13.2,14087.98,2.41,13.21
2024-05-10,Referral,Consideration,South,55669,4035,7.25,8570.32,217,402,9.96,158281.04,18.47,21.32
2024-05-10,Meta Ads,Consideration,South,134951,10187,7.55,10492.26,475,503,4.94,116516.65,11.11,20.86
2024-05-11,Meta Ads,Consideration,North,203568,7579,3.72,20761.97,286,947,12.5,137383.74,6.62,21.92
2024-05-12,Referral,Awareness,West,149355,9548,6.39,28912.48,1187,138,1.45,38731.28,1.34,209.51
2024-05-13,Display,Conversion,South,164470,1959,1.19,6157.04,260,57,2.91,16920.62,2.75,108.02
2024-05-13,Organic Social,Conversion,South,151108,11312,7.49,4491.54,969,1624,14.36,258741.26,57.61,2.77
2024-05-14,LinkedIn,Consideration,South,249265,8593,3.45,16288.66,1000,580,6.75,205979.0,12.65,28.08
2024-05-14,Google Ads,Awareness,East,14885,453,3.04,946.86,73,55,12.14,18209.0,19.23,17.22
2024-05-14,Meta Ads,Consideration,West,74184,2411,3.25,6758.85,403,328,13.6,99261.26,14.69,20.61
2024-05-15,Google Ads,Awareness,East,185231,5886,3.18,15807.64,1132,105,1.78,12993.79,0.82,150.55
2024-05-15,LinkedIn,Consideration,West,61622,4666,7.57,5999.27,785,81,1.74,10801.98,1.8,74.07
2024-05-15,Organic Search,Conversion,West,81021,5322,6.57,13277.65,647,567,10.65,155541.85,11.71,23.42
2024-05-16,Referral,Consideration,North,125987,8531,6.77,22876.07,446,424,4.97,127924.83,5.59,53.95
2024-05-18,Display,Retention,North,38243,2301,6.02,2690.11,87,78,3.39,12463.44,4.63,34.49
2024-05-19,Google Ads,Conversion,West,208838,13084,6.27,39721.36,390,1761,13.46,286584.49,7.21,22.56
2024-05-20,Organic Social,Conversion,West,108651,6603,6.08,8775.1,924,73,1.11,15446.79,1.76,120.21
2024-05-20,Organic Search,Consideration,North,95768,2152,2.25,4209.15,355,95,4.41,28413.49,6.75,44.31
2024-05-21,Display,Awareness,South,148677,7906,5.32,7432.32,882,497,6.29,149335.49,20.09,14.95
2024-05-22,Referral,Consideration,North,228613,17295,7.57,60358.77,516,1147,6.63,242055.23,4.01,52.62
2024-05-22,Google Ads,Awareness,North,29045,1976,6.8,1770.78,229,245,12.4,39964.91,22.57,7.23
2024-05-22,Organic Search,Awareness,South,137197,8259,6.02,21651.49,1556,859,10.4,168267.96,7.77,25.21
2024-05-23,Display,Awareness,South,103696,3266,3.15,6459.82,416,315,9.64,40824.06,6.32,20.51
2024-05-23,Meta Ads,Conversion,South,118816,3117,2.62,7714.68,516,334,10.72,96449.97,12.5,23.1
2024-05-23,Display,Retention,South,20282,459,2.26,1459.69,75,50,10.89,7094.32,4.86,29.19
2024-05-23,Meta Ads,Conversion,South,192954,13512,7.0,22936.7,2537,538,3.98,51042.03,2.23,42.63
2024-05-23,Display,Retention,West,211322,9804,4.64,11479.83,1555,240,2.45,55293.81,4.82,47.83
2024-05-23,Display,Conversion,East,172260,2203,1.28,860.88,340,185,8.4,16753.6,19.46,4.65
2024-05-23,Organic Search,Retention,South,67068,4122,6.15,9960.84,256,510,12.37,83250.8,8.36,19.53
2024-05-24,Display,Awareness,West,204971,4120,2.01,7651.64,126,63,1.53,19074.58,2.49,121.45
2024-05-24,Referral,Conversion,South,12684,391,3.08,952.19,44,18,4.6,1927.13,2.02,52.9
2024-05-24,Referral,Consideration,West,139832,4477,3.2,7822.11,189,547,12.22,40293.24,5.15,14.3
2024-05-25,Email,Consideration,West,62169,3844,6.18,1052.63,742,139,3.62,9634.22,9.15,7.57
2024-05-25,Organic Social,Conversion,East,37955,729,1.92,812.47,52,20,2.74,2947.94,3.63,40.62
2024-05-26,Organic Search,Consideration,South,211821,15140,7.15,47756.32,2627,1986,13.12,189231.47,3.96,24.05
2024-05-26,Google Ads,Consideration,East,235823,7198,3.05,23106.36,646,660,9.17,71823.23,3.11,35.01
2024-05-26,Google Ads,Consideration,East,71262,4673,6.56,15205.13,365,534,11.43,162303.94,10.67,28.47
2024-05-26,Organic Social,Awareness,South,208309,11205,5.38,14201.36,2110,853,7.61,247174.28,17.4,16.65
2024-05-26,Meta Ads,Retention,North,83610,2697,3.23,7512.8,230,145,5.38,19878.26,2.65,51.81
2024-05-26,Organic Search,Conversion,North,85018,3456,4.07,4265.39,311,514,14.87,119460.44,28.01,8.3
2024-05-27,Email,Awareness,South,84063,5928,7.05,17737.78,231,629,10.61,240992.81,13.59,28.2
2024-05-27,Organic Social,Retention,South,77954,5612,7.2,5417.2,789,789,14.06,239385.97,44.19,6.87
2024-05-27,Google Ads,Awareness,North,138669,4747,3.42,14092.04,341,298,6.28,64884.8,4.6,47.29
2024-05-28,Referral,Retention,East,105167,2387,2.27,6561.84,299,113,4.73,32754.21,4.99,58.07
2024-05-29,Display,Conversion,West,73648,4922,6.68,11362.87,622,474,9.63,61138.89,5.38,23.97
2024-05-29,Organic Social,Consideration,East,31928,2191,6.86,5996.27,327,34,1.55,12081.9,2.01,176.36
2024-05-30,Email,Consideration,South,205857,9749,4.74,5846.92,1502,639,6.55,169796.22,29.04,9.15
2024-05-30,Display,Consideration,West,124619,5925,4.75,16650.21,667,284,4.79,103724.48,6.23,58.63
2024-05-30,Referral,Conversion,North,158124,5249,3.32,12886.8,417,747,14.23,156141.29,12.12,17.25
2024-05-30,Organic Social,Consideration,North,117082,6253,5.34,4188.37,1067,740,11.83,167113.43,39.9,5.66
2024-05-31,Meta Ads,Consideration,North,39228,1845,4.7,2287.06,139,144,7.8,9672.38,4.23,15.88
2024-05-31,Organic Search,Retention,West,23099,838,3.63,863.33,93,28,3.34,4978.12,5.77,30.83
2024-05-31,Meta Ads,Conversion,East,80769,3041,3.77,3796.77,280,229,7.53,49259.62,12.97,16.58
2024-05-31,Display,Consideration,East,127788,1224,0.96,808.65,212,73,5.96,4668.91,5.77,11.08
2024-05-31,Meta Ads,Retention,South,220164,2479,1.13,2192.4,242,193,7.79,69247.93,31.59,11.36
2024-06-01,Organic Social,Consideration,North,130149,2653,2.04,3557.08,237,228,8.59,91029.38,25.59,15.6
2024-06-01,Organic Social,Conversion,North,195228,6158,3.15,11200.29,887,593,9.63,58065.8,5.18,18.89
2024-06-02,Organic Social,Conversion,West,65058,1714,2.63,4542.35,220,134,7.82,4798.2,1.06,33.9
2024-06-03,Referral,Awareness,South,160072,2939,1.84,5736.05,115,381,12.96,59496.06,10.37,15.06
2024-06-04,Organic Social,Consideration,West,240713,17256,7.17,43235.88,1923,1246,7.22,317535.23,7.34,34.7
2024-06-05,Organic Search,Consideration,North,93664,4416,4.71,1900.9,672,188,4.26,20785.22,10.93,10.11
2024-06-06,Organic Search,Retention,North,247322,2331,0.94,5013.34,462,264,11.33,19587.77,3.91,18.99
2024-06-06,Google Ads,Consideration,South,171892,3927,2.28,11363.41,523,58,1.48,22794.36,2.01,195.92
2024-06-06,Organic Social,Awareness,South,49900,2199,4.41,2819.23,190,141,6.41,32217.66,11.43,19.99
2024-06-08,Meta Ads,Retention,West,149302,3688,2.47,7197.71,223,264,7.16,96427.94,13.4,27.26
2024-06-08,Display,Awareness,East,18947,1267,6.69,861.96,224,101,7.97,19093.3,22.15,8.53
2024-06-08,Organic Social,Consideration,West,20434,1272,6.22,2914.65,211,68,5.35,7462.3,2.56,42.86
2024-06-08,Display,Consideration,South,152226,11417,7.5,9286.19,709,626,5.48,41558.65,4.48,14.83
2024-06-08,Display,Consideration,South,189482,9083,4.79,20531.97,509,655,7.21,187139.51,9.11,31.35
2024-06-08,Organic Social,Consideration,West,177886,14134,7.95,18789.13,2102,1538,10.88,242616.25,12.91,12.22
2024-06-09,Referral,Consideration,South,167727,6347,3.78,19886.03,486,618,9.74,111581.4,5.61,32.18
2024-06-09,Organic Search,Conversion,South,12345,828,6.71,538.62,62,25,3.02,8381.58,15.56,21.54
2024-06-09,Google Ads,Awareness,South,68095,1241,1.82,349.32,58,32,2.58,10955.16,31.36,10.92
2024-06-09,Organic Search,Awareness,East,105311,3308,3.14,6252.16,223,360,10.88,47318.65,7.57,17.37
2024-06-10,Referral,Consideration,West,147055,9337,6.35,23822.38,905,1347,14.43,485528.96,20.38,17.69
2024-06-11,LinkedIn,Consideration,West,133379,4212,3.16,11867.51,639,465,11.04,46214.06,3.89,25.52
2024-06-11,Display,Awareness,East,143311,9012,6.29,10857.4,725,243,2.7,90727.76,8.36,44.68
2024-06-11,Google Ads,Awareness,East,86768,1475,1.7,1700.07,116,110,7.46,29066.56,17.1,15.46
2024-06-11,Google Ads,Conversion,North,199994,13431,6.72,44931.39,957,765,5.7,171769.29,3.82,58.73
2024-06-12,Organic Social,Conversion,West,243746,11524,4.73,35793.54,1222,419,3.64,58116.96,1.62,85.43
2024-06-12,Email,Consideration,West,63653,3272,5.14,3397.58,171,89,2.72,12113.23,3.57,38.18
2024-06-12,Organic Social,Awareness,East,107239,1050,0.98,1658.5,112,44,4.19,8631.08,5.2,37.69
2024-06-13,Meta Ads,Conversion,South,96353,3233,3.36,3395.6,474,41,1.27,4464.3,1.31,82.82
2024-06-13,Meta Ads,Retention,South,6708,452,6.74,1112.74,11,42,9.29,13634.28,12.25,26.49
2024-06-15,LinkedIn,Conversion,East,131468,9863,7.5,31122.22,214,212,2.15,17124.1,0.55,146.8
2024-06-15,Meta Ads,Retention,East,135351,2375,1.75,8028.13,79,282,11.87,69681.3,8.68,28.47
2024-06-16,Meta Ads,Retention,East,40428,1820,4.5,3123.81,211,132,7.25,34912.55,11.18,23.67
2024-06-16,LinkedIn,Awareness,East,26312,1659,6.31,5488.65,288,185,11.15,73366.76,13.37,29.67
2024-06-17,LinkedIn,Retention,West,59869,611,1.02,577.1,12,62,10.15,4934.53,8.55,9.31
2024-06-18,Display,Retention,East,86554,4872,5.63,1608.85,918,433,8.89,130705.79,81.24,3.72
2024-06-18,Email,Conversion,South,244779,14933,6.1,19767.89,584,2084,13.96,170862.37,8.64,9.49
2024-06-18,Email,Retention,South,207416,10076,4.86,34081.32,1728,158,1.57,61933.22,1.82,215.7
2024-06-18,Display,Conversion,North,97051,3251,3.35,7492.82,347,154,4.74,54516.54,7.28,48.65
2024-06-18,Google Ads,Retention,East,67032,4960,7.4,15258.05,687,193,3.89,75846.41,4.97,79.06
2024-06-19,Email,Conversion,West,203137,9505,4.68,31420.85,1063,137,1.44,28909.52,0.92,229.35
2024-06-20,Organic Search,Consideration,West,26447,736,2.78,1748.75,77,95,12.91,12591.62,7.2,18.41
2024-06-20,Google Ads,Consideration,East,64042,4971,7.76,13877.37,846,132,2.66,8479.09,0.61,105.13
2024-06-20,Email,Conversion,West,215545,15369,7.13,19484.52,2398,1973,12.84,656562.89,33.7,9.88
2024-06-20,Meta Ads,Retention,South,54678,1078,1.97,869.63,115,52,4.82,6682.29,7.68,16.72
2024-06-21,Google Ads,Awareness,North,155575,9620,6.18,20180.79,385,504,5.24,179817.84,8.91,40.04
2024-06-21,Organic Search,Retention,North,234740,3057,1.3,7478.11,124,209,6.84,82200.11,10.99,35.78
2024-06-21,LinkedIn,Retention,West,239073,18076,7.56,59921.06,2969,2079,11.5,579570.91,9.67,28.82
2024-06-21,Email,Conversion,West,111233,6002,5.4,3692.34,691,476,7.93,58687.59,15.89,7.76
2024-06-22,Display,Consideration,East,85388,3320,3.89,10570.82,354,438,13.19,118274.02,11.19,24.13
2024-06-22,Meta Ads,Consideration,West,142788,3244,2.27,7825.95,462,217,6.69,53184.26,6.8,36.06
2024-06-23,Google Ads,Consideration,South,23474,646,2.75,1955.95,112,79,12.23,12397.4,6.34,24.76
2024-06-24,LinkedIn,Consideration,West,165237,1512,0.92,4070.64,201,159,10.52,60121.75,14.77,25.6
2024-06-24,Organic Search,Retention,North,192116,10412,5.42,4667.42,1637,1361,13.07,345275.38,73.98,3.43
2024-06-25,LinkedIn,Consideration,East,115659,4179,3.61,2626.47,659,458,10.96,29736.6,11.32,5.73
2024-06-25,Email,Awareness,North,213434,2365,1.11,4203.14,198,225,9.51,59296.41,14.11,18.68
2024-06-26,Google Ads,Awareness,West,127225,4201,3.3,8885.18,291,217,5.17,23101.38,2.6,40.95
2024-06-26,Organic Social,Conversion,South,88555,2007,2.27,4092.34,329,170,8.47,15742.87,3.85,24.07
2024-06-27,Display,Awareness,South,85685,4508,5.26,14921.4,396,624,13.84,116793.98,7.83,23.91
2024-06-27,Organic Search,Conversion,North,224575,13060,5.82,23075.27,2384,1514,11.59,206283.96,8.94,15.24
2024-06-28,LinkedIn,Awareness,North,172340,8096,4.7,6073.93,263,499,6.16,90007.06,14.82,12.17
2024-06-28,Email,Awareness,North,235893,11175,4.74,8819.07,340,1470,13.15,361343.92,40.97,6.0
2024-06-28,Meta Ads,Retention,North,110400,6952,6.3,4853.38,1299,883,12.7,73412.54,15.13,5.5
2024-06-29,Google Ads,Conversion,North,161951,7460,4.61,17026.12,1019,213,2.86,56207.57,3.3,79.93
2024-06-29,Display,Retention,North,154302,2035,1.32,1442.0,179,218,10.71,80549.17,55.86,6.61
2024-06-30,Google Ads,Awareness,East,108065,3268,3.02,6657.11,509,267,8.17,41237.59,6.19,24.93
2024-07-01,LinkedIn,Retention,South,159245,8520,5.35,24328.64,1201,398,4.67,58262.72,2.39,61.13
2024-07-02,Organic Social,Retention,South,117782,9205,7.82,3618.77,1064,1081,11.74,298145.82,82.39,3.35
2024-07-03,Organic Search,Awareness,North,169226,3986,2.36,11413.16,150,159,3.99,10708.4,0.94,71.78
2024-07-04,Google Ads,Consideration,North,32810,2095,6.39,1236.46,348,151,7.21,24021.39,19.43,8.19
2024-07-04,Meta Ads,Consideration,East,40634,2929,7.21,8133.04,515,382,13.04,127488.72,15.68,21.29
2024-07-04,Google Ads,Consideration,East,60778,2512,4.13,1795.13,128,312,12.42,16298.93,9.08,5.75
2024-07-05,Email,Conversion,East,192598,14073,7.31,16690.82,2435,617,4.38,98804.18,5.92,27.05
2024-07-05,Referral,Conversion,West,241527,13452,5.57,30048.09,2394,1772,13.17,228385.48,7.6,16.96
2024-07-05,Organic Social,Conversion,East,163588,6052,3.7,5105.98,719,763,12.61,107547.5,21.06,6.69
2024-07-05,Organic Social,Conversion,North,14752,362,2.45,228.06,49,17,4.7,6425.73,28.18,13.42
2024-07-06,Display,Awareness,South,26253,291,1.11,945.08,25,16,5.5,6127.31,6.48,59.07
2024-07-06,Organic Search,Retention,East,102852,3795,3.69,12915.39,268,375,9.88,124593.53,9.65,34.44
2024-07-06,Referral,Awareness,North,167331,13170,7.87,5231.22,1974,1113,8.45,217676.17,41.61,4.7
2024-07-07,Organic Social,Retention,South,70428,4833,6.86,16667.87,846,546,11.3,50844.84,3.05,30.53
2024-07-07,LinkedIn,Consideration,West,79637,6041,7.59,19009.72,832,315,5.21,10616.71,0.56,60.35
2024-07-08,Google Ads,Consideration,West,119598,7907,6.61,20588.46,886,802,10.14,80139.6,3.89,25.67
2024-07-08,Meta Ads,Retention,South,188214,6815,3.62,18979.52,331,414,6.07,101202.63,5.33,45.84
2024-07-08,LinkedIn,Awareness,West,191292,8471,4.43,24430.55,250,1125,13.28,153698.48,6.29,21.72
2024-07-08,LinkedIn,Consideration,East,34118,2125,6.23,2454.44,212,313,14.73,46718.44,19.03,7.84
2024-07-08,Meta Ads,Retention,West,207921,15575,7.49,20248.65,449,280,1.8,83864.57,4.14,72.32
2024-07-08,Organic Social,Awareness,South,207779,13986,6.73,16197.21,1713,1164,8.32,167109.07,10.32,13.92
2024-07-09,Organic Social,Consideration,South,83707,5887,7.03,11285.36,523,573,9.73,72398.06,6.42,19.7
2024-07-09,Referral,Awareness,North,118613,9055,7.63,10287.52,1415,204,2.25,51703.92,5.03,50.43
2024-07-09,Email,Awareness,West,35795,585,1.63,302.2,43,70,11.97,18059.14,59.76,4.32
2024-07-10,Google Ads,Conversion,East,115155,9062,7.87,12472.18,1148,197,2.17,52782.72,4.23,63.31
2024-07-10,Email,Consideration,South,75194,4502,5.99,5807.98,525,363,8.06,87672.19,15.1,16.0
2024-07-10,Display,Retention,South,119650,2951,2.47,5760.07,61,261,8.84,75738.0,13.15,22.07
2024-07-10,Organic Search,Retention,North,142660,8534,5.98,20385.75,281,532,6.23,35057.07,1.72,38.32
2024-07-10,Email,Consideration,East,146958,7015,4.77,7535.8,506,953,13.59,292072.93,38.76,7.91
2024-07-12,Organic Search,Conversion,West,137212,9126,6.65,31467.38,1631,833,9.13,308157.11,9.79,37.78
2024-07-12,Display,Conversion,East,133775,8809,6.58,9775.14,409,565,6.41,23537.8,2.41,17.3
2024-07-13,Organic Search,Awareness,West,195731,8365,4.27,2261.37,1237,434,5.19,47882.44,21.17,5.21
2024-07-14,Organic Search,Retention,East,243700,12426,5.1,36929.76,2425,410,3.3,103751.8,2.81,90.07
2024-07-14,Organic Search,Awareness,West,219892,1970,0.9,761.17,319,89,4.52,17305.44,22.74,8.55
2024-07-15,Referral,Consideration,West,151110,10202,6.75,22101.35,650,937,9.18,329025.36,14.89,23.59
2024-07-16,Referral,Consideration,South,226823,8123,3.58,26532.41,1490,654,8.05,61423.68,2.32,40.57
2024-07-16,Referral,Consideration,East,191339,7473,3.91,23708.81,274,932,12.47,286777.65,12.1,25.44
2024-07-16,Referral,Conversion,North,243553,5700,2.34,5557.22,594,730,12.81,288891.28,51.98,7.61
2024-07-17,Referral,Retention,South,7659,546,7.13,960.96,98,37,6.78,2898.91,3.02,25.97
2024-07-19,LinkedIn,Awareness,West,143043,3016,2.11,4188.75,408,375,12.43,38537.58,9.2,11.17
2024-07-19,LinkedIn,Awareness,South,168864,7125,4.22,4599.26,672,569,7.99,149138.45,32.43,8.08
2024-07-19,Organic Social,Retention,East,55939,1026,1.83,1183.82,74,109,10.62,18712.48,15.81,10.86
2024-07-20,Email,Retention,West,43635,365,0.84,673.0,31,36,9.86,10805.33,16.06,18.69
2024-07-20,Meta Ads,Retention,South,101468,832,0.82,1494.26,92,33,3.97,9407.78,6.3,45.28
2024-07-21,Email,Consideration,East,7384,563,7.62,1186.98,43,6,1.07,2281.45,1.92,197.83
2024-07-21,Organic Social,Consideration,South,60077,4275,7.12,11816.57,831,328,7.67,96900.36,8.2,36.03
2024-07-22,Google Ads,Consideration,South,72534,3304,4.56,6743.19,620,54,1.63,12043.8,1.79,124.87
2024-07-24,Google Ads,Awareness,West,212190,8037,3.79,8917.32,1420,1140,14.18,382289.89,42.87,7.82
2024-07-24,Organic Social,Retention,West,72263,5133,7.1,6186.98,492,371,7.23,66195.58,10.7,16.68
2024-07-25,Meta Ads,Conversion,West,129661,7114,5.49,22697.15,1027,312,4.39,11399.83,0.5,72.75
2024-07-26,Organic Search,Conversion,South,158335,11877,7.5,41430.47,2167,787,6.63,215908.46,5.21,52.64
2024-07-26,Meta Ads,Consideration,North,111108,7692,6.92,2821.22,1331,743,9.66,269440.68,95.51,3.8
2024-07-26,Meta Ads,Conversion,East,61307,2281,3.72,1987.16,215,91,3.99,35485.66,17.86,21.84
2024-07-30,Referral,Awareness,South,125356,9508,7.58,12144.12,382,448,4.71,172533.76,14.21,27.11
2024-07-31,LinkedIn,Consideration,South,13016,528,4.06,1384.98,17,60,11.36,7603.02,5.49,23.08
2024-07-31,Organic Search,Awareness,North,86816,3161,3.64,10327.77,391,444,14.05,24949.62,2.42,23.26
2024-08-01,Organic Search,Awareness,East,9135,432,4.73,232.94,58,4,0.93,970.38,4.17,58.24
2024-08-02,Organic Social,Conversion,West,175492,7235,4.12,22584.67,1251,592,8.18,175053.0,7.75,38.15
2024-08-02,Email,Consideration,East,75448,1769,2.34,602.33,128,251,14.19,61712.79,102.46,2.4
2024-08-02,Google Ads,Awareness,West,116487,6524,5.6,5674.96,327,117,1.79,31831.2,5.61,48.5
2024-08-02,Google Ads,Retention,South,183570,10684,5.82,8939.13,942,1176,11.01,232282.47,25.98,7.6
2024-08-02,Referral,Awareness,South,23489,1283,5.46,835.3,107,98,7.64,14853.97,17.78,8.52
2024-08-03,Organic Search,Awareness,West,16116,788,4.89,2231.67,34,80,10.15,17818.22,7.98,27.9
2024-08-04,LinkedIn,Conversion,South,207747,2389,1.15,8327.63,336,342,14.32,99819.09,11.99,24.35
2024-08-04,LinkedIn,Conversion,East,125906,2654,2.11,5776.45,296,55,2.07,16258.67,2.81,105.03
2024-08-04,Email,Consideration,West,46971,2334,4.97,7523.97,349,223,9.55,42333.44,5.63,33.74
2024-08-04,LinkedIn,Conversion,North,137279,9911,7.22,4262.74,827,418,4.22,41851.02,9.82,10.2
2024-08-04,Email,Retention,North,236312,5416,2.29,5344.21,425,102,1.88,12022.72,2.25,52.39
2024-08-05,Email,Retention,West,174316,12494,7.17,14584.91,1312,833,6.67,261473.12,17.93,17.51
2024-08-05,Google Ads,Consideration,West,25074,308,1.23,418.77,54,34,11.04,3094.87,7.39,12.32
2024-08-05,Organic Social,Retention,North,172670,9114,5.28,20620.67,248,238,2.61,46738.55,2.27,86.64
2024-08-05,LinkedIn,Conversion,South,10774,172,1.6,565.76,28,9,5.23,2653.02,4.69,62.86
2024-08-07,Google Ads,Consideration,East,195026,3504,1.8,5853.14,302,518,14.78,133960.32,22.89,11.3
2024-08-07,Google Ads,Awareness,South,89761,3277,3.65,1148.67,569,107,3.27,4415.82,3.84,10.74
2024-08-07,Organic Social,Awareness,East,244464,5245,2.15,15414.58,862,660,12.58,27453.88,1.78,23.36
2024-08-07,Organic Social,Conversion,East,208047,11134,5.35,6130.67,921,1666,14.96,51326.35,8.37,3.68
2024-08-07,Google Ads,Awareness,West,47727,1888,3.96,5432.31,273,85,4.5,31098.76,5.72,63.91
2024-08-07,Meta Ads,Conversion,East,173418,3307,1.91,9226.18,161,87,2.63,13708.14,1.49,106.05
2024-08-08,Organic Social,Retention,South,60568,4772,7.88,5390.05,865,579,12.13,141934.88,26.33,9.31
2024-08-09,Referral,Retention,North,55583,3333,6.0,1555.69,309,161,4.83,19336.98,12.43,9.66
2024-08-09,Email,Retention,South,120357,2383,1.98,6462.12,243,270,11.33,96715.57,14.97,23.93
2024-08-10,Meta Ads,Retention,West,55098,3268,5.93,6165.17,480,393,12.03,138035.41,22.39,15.69
2024-08-10,Organic Search,Consideration,South,200425,13490,6.73,29590.71,2262,189,1.4,19144.89,0.65,156.56
2024-08-10,Referral,Awareness,South,221997,10531,4.74,36351.09,658,376,3.57,51504.7,1.42,96.68
2024-08-10,Organic Social,Consideration,West,226558,7443,3.29,25494.9,1034,766,10.29,252371.52,9.9,33.28
2024-08-11,Referral,Awareness,North,209923,7411,3.53,25643.44,671,1040,14.03,152971.72,5.97,24.66
2024-08-11,Meta Ads,Awareness,South,66388,2818,4.24,3752.27,243,180,6.39,37615.34,10.02,20.85
2024-08-11,Organic Search,Consideration,East,128950,5791,4.49,14230.79,835,208,3.59,61262.77,4.3,68.42
2024-08-11,Meta Ads,Awareness,West,158385,8072,5.1,15480.64,724,375,4.65,72813.58,4.7,41.28
2024-08-12,Organic Social,Awareness,South,226373,13192,5.83,21457.19,1085,1537,11.65,490671.46,22.87,13.96
2024-08-12,Meta Ads,Awareness,North,248051,13755,5.55,7852.67,2344,982,7.14,361045.91,45.98,8.0
2024-08-12,Organic Social,Retention,South,72494,3093,4.27,1542.93,118,442,14.29,53948.27,34.96,3.49
2024-08-13,Referral,Retention,East,51403,3055,5.94,4060.08,432,162,5.3,58997.25,14.53,25.06
2024-08-14,Email,Consideration,East,227441,17254,7.59,22208.51,1117,442,2.56,16808.83,0.76,50.25
2024-08-14,Organic Social,Awareness,South,100028,1736,1.74,2355.35,39,256,14.75,17496.47,7.43,9.2
2024-08-14,LinkedIn,Conversion,North,116431,2368,2.03,3319.29,118,234,9.88,75976.79,22.89,14.18
2024-08-14,Google Ads,Consideration,West,221192,5067,2.29,16729.91,654,662,13.06,123587.68,7.39,25.27
2024-08-15,Referral,Retention,West,16590,498,3.0,327.42,73,26,5.22,6845.95,20.91,12.59
2024-08-16,Google Ads,Conversion,North,8744,471,5.39,138.62,11,36,7.64,3389.64,24.45,3.85
2024-08-16,Google Ads,Awareness,South,151144,8667,5.73,5760.11,230,308,3.55,34274.98,5.95,18.7
2024-08-17,Organic Social,Retention,West,155023,10818,6.98,30051.18,1973,1178,10.89,398494.92,13.26,25.51
2024-08-17,Google Ads,Retention,North,143923,6687,4.65,3575.35,221,757,11.32,94911.18,26.55,4.72
2024-08-18,Referral,Consideration,South,59400,1823,3.07,5580.44,329,209,11.46,6799.0,1.22,26.7
2024-08-18,Google Ads,Consideration,West,203893,10077,4.94,12202.01,615,1326,13.16,448483.27,36.75,9.2
2024-08-18,Organic Search,Awareness,West,223561,10275,4.6,11048.68,1574,424,4.13,19967.3,1.81,26.06
2024-08-18,Google Ads,Retention,South,6283,478,7.61,285.81,36,63,13.18,21868.93,76.52,4.54
2024-08-20,Meta Ads,Consideration,North,126668,9709,7.66,13466.64,1694,700,7.21,215150.1,15.98,19.24
2024-08-20,Organic Search,Awareness,West,5587,229,4.1,578.01,33,34,14.85,2076.25,3.59,17.0
2024-08-20,Organic Search,Conversion,West,99840,2749,2.75,6220.62,253,250,9.09,96504.69,15.51,24.88
2024-08-20,Email,Retention,East,7352,288,3.92,775.99,9,34,11.81,12345.93,15.91,22.82
2024-08-20,Organic Search,Conversion,South,38866,2997,7.71,6344.41,455,78,2.6,2874.81,0.45,81.34
2024-08-20,Organic Social,Awareness,North,94906,4896,5.16,6187.14,641,622,12.7,172684.83,27.91,9.95
2024-08-21,Google Ads,Awareness,West,30556,2340,7.66,826.68,48,306,13.08,38692.11,46.8,2.7
2024-08-22,LinkedIn,Conversion,East,90090,5823,6.46,5130.23,126,333,5.72,126764.69,24.71,15.41
2024-08-23,Google Ads,Conversion,East,151424,3769,2.49,11842.66,624,263,6.98,34666.8,2.93,45.03
2024-08-24,Meta Ads,Conversion,North,119889,8935,7.45,30598.64,595,1100,12.31,146691.17,4.79,27.82
2024-08-24,LinkedIn,Awareness,East,38691,1249,3.23,2098.56,167,147,11.77,48852.46,23.28,14.28
2024-08-24,Email,Awareness,West,18565,316,1.7,896.5,32,23,7.28,7576.25,8.45,38.98
2024-08-25,Meta Ads,Retention,East,63643,3070,4.82,2980.33,538,174,5.67,68496.53,22.98,17.13
2024-08-25,Google Ads,Awareness,South,7282,531,7.29,981.91,98,23,4.33,8817.59,8.98,42.69
2024-08-26,Google Ads,Conversion,North,160378,5990,3.73,14468.07,1194,271,4.52,97244.61,6.72,53.39
2024-08-26,Meta Ads,Conversion,West,236527,4457,1.88,1488.11,212,512,11.49,48260.35,32.43,2.91
2024-08-26,Referral,Retention,West,246324,15814,6.42,32601.61,2772,1976,12.5,274670.39,8.43,16.5
2024-08-27,Email,Retention,West,58798,2280,3.88,6127.71,154,318,13.95,112842.94,18.42,19.27
2024-08-27,Referral,Consideration,South,83471,3852,4.61,8620.2,486,482,12.51,144607.27,16.78,17.88
2024-08-28,Display,Awareness,South,161222,4496,2.79,4769.08,499,217,4.83,44006.86,9.23,21.98
2024-08-29,LinkedIn,Retention,West,77805,4410,5.67,12305.25,102,347,7.87,20107.72,1.63,35.46
2024-08-29,Email,Retention,North,70633,5178,7.33,1719.21,972,620,11.97,76927.05,44.75,2.77
2024-08-29,Display,Conversion,East,147810,10564,7.15,7288.16,360,365,3.46,101550.3,13.93,19.97
2024-08-29,Display,Awareness,North,127115,8126,6.39,17322.01,1169,228,2.81,35218.17,2.03,75.97
2024-08-30,Meta Ads,Retention,North,60426,677,1.12,1670.16,109,80,11.82,30603.9,18.32,20.88
2024-08-31,Referral,Retention,South,91544,5445,5.95,17344.34,888,163,2.99,48056.03,2.77,106.41
2024-09-02,Display,Conversion,West,88375,4228,4.78,8087.43,187,537,12.7,196589.51,24.31,15.06
2024-09-02,Referral,Retention,West,215357,15103,7.01,17116.32,1518,767,5.08,183561.93,10.72,22.32
2024-09-03,Google Ads,Retention,West,182691,13622,7.46,29627.57,2306,1999,14.67,141434.54,4.77,14.82
2024-09-03,Organic Social,Consideration,East,188467,6062,3.22,19721.81,451,853,14.07,75822.2,3.84,23.12
2024-09-03,Email,Awareness,East,234817,8905,3.79,8708.58,927,722,8.11,257270.95,29.54,12.06
2024-09-03,Email,Awareness,West,142868,5778,4.04,3981.1,399,97,1.68,30658.99,7.7,41.04
2024-09-05,Display,Conversion,West,225931,15600,6.9,12624.76,1613,198,1.27,57100.24,4.52,63.76
2024-09-06,Organic Social,Retention,East,172860,10498,6.07,7253.98,1887,1507,14.36,71542.12,9.86,4.81
2024-09-06,Organic Search,Awareness,East,105123,4092,3.89,13424.91,417,117,2.86,15109.24,1.13,114.74
2024-09-07,Meta Ads,Conversion,West,13605,183,1.35,54.44,21,20,10.93,4440.76,81.57,2.72
2024-09-08,Google Ads,Awareness,West,53651,1635,3.05,3488.7,151,27,1.65,8155.16,2.34,129.21
2024-09-08,Meta Ads,Awareness,North,176033,11500,6.53,26283.8,1182,1391,12.1,351693.25,13.38,18.9
2024-09-08,LinkedIn,Consideration,South,198392,2452,1.24,4071.96,55,245,9.99,73189.41,17.97,16.62
2024-09-08,Email,Awareness,East,23658,334,1.41,288.81,23,17,5.09,717.65,2.48,16.99
2024-09-08,Organic Social,Consideration,North,189402,4250,2.24,4852.44,418,388,9.13,37715.01,7.77,12.51
2024-09-08,Organic Social,Consideration,South,27746,1309,4.72,2532.13,175,120,9.17,4895.14,1.93,21.1
2024-09-09,LinkedIn,Awareness,East,194414,10374,5.34,33528.92,1047,219,2.11,28132.73,0.84,153.1
2024-09-09,Organic Social,Retention,North,13770,884,6.42,321.38,71,109,12.33,42020.25,130.75,2.95
2024-09-09,Display,Retention,South,16390,314,1.92,263.39,28,14,4.46,1624.89,6.17,18.81
2024-09-09,Referral,Consideration,North,49014,1175,2.4,1878.38,74,118,10.04,42812.73,22.79,15.92
2024-09-09,LinkedIn,Consideration,East,224625,9287,4.13,29585.77,1731,1347,14.5,512325.62,17.32,21.96
2024-09-10,Google Ads,Retention,South,209054,7860,3.76,14077.53,895,797,10.14,228125.46,16.2,17.66
2024-09-10,LinkedIn,Awareness,North,133202,7128,5.35,17775.94,159,902,12.65,149246.59,8.4,19.71
2024-09-10,LinkedIn,Retention,West,33365,1266,3.79,1184.19,29,48,3.79,16627.74,14.04,24.67
2024-09-11,Organic Social,Consideration,East,226796,12781,5.64,21836.74,2493,1695,13.26,129002.34,5.91,12.88
2024-09-11,Display,Conversion,South,145600,9045,6.21,9065.9,541,660,7.3,188247.02,20.76,13.74
2024-09-12,Organic Social,Awareness,East,22569,1710,7.58,1079.28,282,187,10.94,27754.72,25.72,5.77
2024-09-12,Email,Conversion,West,80969,767,0.95,1672.57,23,18,2.35,6702.42,4.01,92.92
2024-09-13,Organic Social,Conversion,West,248579,12786,5.14,32705.71,2375,1599,12.51,99313.4,3.04,20.45
2024-09-13,Organic Search,Retention,South,41027,2047,4.99,7141.65,363,25,1.22,4033.11,0.56,285.67
2024-09-14,Google Ads,Awareness,West,193786,4609,2.38,1389.27,565,485,10.52,111307.84,80.12,2.86
2024-09-14,LinkedIn,Awareness,East,44758,2773,6.2,9481.82,59,78,2.81,12560.89,1.32,121.56
2024-09-15,Referral,Awareness,East,91661,6165,6.73,4672.59,409,548,8.89,137615.95,29.45,8.53
2024-09-15,LinkedIn,Conversion,East,163175,9560,5.86,17086.96,891,857,8.96,291028.62,17.03,19.94
2024-09-15,Email,Conversion,West,17763,1317,7.41,2969.92,135,71,5.39,22358.46,7.53,41.83
2024-09-16,Meta Ads,Retention,West,68870,1070,1.55,2710.4,78,100,9.35,39806.67,14.69,27.1
2024-09-17,Email,Conversion,South,176918,3090,1.75,7334.1,80,235,7.61,85838.66,11.7,31.21
2024-09-18,Organic Social,Retention,East,245907,12498,5.08,28083.99,1577,236,1.89,70608.48,2.51,119.0
2024-09-19,Meta Ads,Consideration,West,205696,12355,6.01,25071.78,1412,1110,8.98,221690.19,8.84,22.59
2024-09-20,Display,Consideration,North,27852,1975,7.09,1207.57,140,22,1.11,6969.17,5.77,54.89
2024-09-20,Google Ads,Awareness,West,66035,2220,3.36,6699.25,59,104,4.68,31157.95,4.65,64.42
2024-09-20,LinkedIn,Retention,South,8828,468,5.3,1109.05,93,12,2.56,1178.89,1.06,92.42
2024-09-20,Referral,Awareness,North,75202,4261,5.67,4740.16,454,80,1.88,23932.59,5.05,59.25
2024-09-20,Meta Ads,Retention,West,143440,6128,4.27,14008.52,956,662,10.8,166666.89,11.9,21.16
2024-09-21,Organic Social,Consideration,West,13556,637,4.7,566.86,64,66,10.36,18390.72,32.44,8.59
2024-09-21,Organic Search,Conversion,South,213015,16166,7.59,17315.4,448,781,4.83,205784.34,11.88,22.17
2024-09-23,Organic Social,Consideration,North,13787,570,4.13,1797.88,43,49,8.6,6008.67,3.34,36.69
2024-09-24,LinkedIn,Consideration,West,217998,8635,3.96,3873.58,670,1291,14.95,224367.34,57.92,3.0
2024-09-24,Referral,Awareness,North,77516,3700,4.77,10472.0,632,297,8.03,62001.67,5.92,35.26
2024-09-24,Referral,Retention,West,36778,2524,6.86,3864.1,347,218,8.64,22225.43,5.75,17.73
2024-09-24,Display,Awareness,North,90445,2886,3.19,3908.37,200,373,12.92,39567.82,10.12,10.48
2024-09-25,Organic Social,Retention,West,214754,16989,7.91,54089.46,3299,194,1.14,13860.2,0.26,278.81
2024-09-26,Organic Social,Retention,South,151011,7210,4.77,2867.57,561,900,12.48,128835.9,44.93,3.19
2024-09-27,Organic Search,Awareness,East,88276,2002,2.27,4057.58,399,99,4.95,4239.26,1.04,40.99
2024-09-27,Email,Consideration,North,143593,10267,7.15,27312.36,2046,112,1.09,32348.7,1.18,243.86
2024-09-27,Referral,Awareness,North,192772,6693,3.47,16247.97,364,443,6.62,25978.53,1.6,36.68
2024-09-27,Meta Ads,Conversion,West,213526,15067,7.06,12299.06,1149,2019,13.4,487999.62,39.68,6.09
2024-09-28,Organic Search,Awareness,South,163015,7191,4.41,4847.74,772,593,8.25,213353.19,44.01,8.17
2024-09-28,Display,Retention,East,146130,9444,6.46,4380.96,1317,599,6.34,214236.54,48.9,7.31
2024-09-29,Display,Consideration,North,204408,2640,1.29,2333.18,303,52,1.97,12222.57,5.24,44.87
2024-09-29,Meta Ads,Retention,South,66516,3027,4.55,8488.49,588,378,12.49,73205.04,8.62,22.46
2024-09-30,LinkedIn,Conversion,East,88457,5972,6.75,8043.16,897,561,9.39,211460.39,26.29,14.34
2024-10-01,Referral,Retention,East,233880,2159,0.92,7476.09,125,236,10.93,30605.57,4.09,31.68
2024-10-01,LinkedIn,Conversion,North,28377,1983,6.99,6259.07,77,73,3.68,2931.98,0.47,85.74
2024-10-03,Display,Conversion,North,206260,12685,6.15,9287.59,1825,210,1.66,83427.01,8.98,44.23
2024-10-03,Email,Awareness,West,28567,473,1.66,1319.79,22,29,6.13,1735.59,1.32,45.51
2024-10-03,Organic Search,Consideration,West,11304,459,4.06,1307.73,74,14,3.05,3490.17,2.67,93.41
2024-10-03,Display,Retention,East,96170,7364,7.66,17703.7,559,1039,14.11,305540.1,17.26,17.04
2024-10-04,Organic Social,Awareness,West,110848,7318,6.6,13460.48,576,709,9.69,154468.62,11.48,18.99
2024-10-05,Email,Conversion,South,39542,727,1.84,399.36,15,70,9.63,7354.42,18.42,5.71
2024-10-05,Organic Search,Awareness,South,202393,3129,1.55,5080.34,457,173,5.53,49037.24,9.65,29.37
2024-10-06,Meta Ads,Conversion,West,220234,5626,2.55,11092.06,227,517,9.19,88921.83,8.02,21.45
2024-10-06,Meta Ads,Retention,West,28648,1636,5.71,2885.03,260,86,5.26,12124.04,4.2,33.55
2024-10-06,Google Ads,Awareness,South,186172,14308,7.69,47296.46,1552,1636,11.43,431714.95,9.13,28.91
2024-10-06,Referral,Consideration,North,101019,3396,3.36,2075.62,547,475,13.99,60063.66,28.94,4.37
2024-10-06,Meta Ads,Retention,West,91795,4169,4.54,7826.51,521,204,4.89,12077.63,1.54,38.37
2024-10-07,Organic Search,Conversion,East,168399,13194,7.83,25042.45,459,356,2.7,65723.68,2.62,70.34
2024-10-09,LinkedIn,Conversion,West,16205,408,2.52,108.67,64,44,10.78,4873.97,44.85,2.47
2024-10-09,LinkedIn,Consideration,East,48732,2138,4.39,1174.93,69,242,11.32,79384.12,67.56,4.86
2024-10-09,Meta Ads,Awareness,West,211846,3133,1.48,5381.2,332,88,2.81,30284.86,5.63,61.15
2024-10-09,Display,Retention,North,90436,1495,1.65,1769.8,76,194,12.98,30345.4,17.15,9.12
2024-10-10,LinkedIn,Consideration,South,213347,13394,6.28,12834.18,2081,362,2.7,53147.69,4.14,35.45
2024-10-10,LinkedIn,Awareness,South,54879,3634,6.62,9500.98,668,127,3.49,9711.1,1.02,74.81
2024-10-10,Organic Social,Conversion,North,141570,4260,3.01,3825.85,510,406,9.53,133221.86,34.82,9.42
2024-10-10,Referral,Awareness,East,31819,946,2.97,657.98,108,62,6.55,16177.16,24.59,10.61
2024-10-11,Referral,Awareness,West,142103,9417,6.63,15390.18,1483,921,9.78,95447.08,6.2,16.71
2024-10-11,Google Ads,Awareness,West,207514,13261,6.39,3323.29,277,248,1.87,24927.26,7.5,13.4
2024-10-12,Organic Social,Consideration,West,14168,344,2.43,1059.37,63,28,8.14,9315.99,8.79,37.83
2024-10-12,Referral,Consideration,North,100665,7067,7.02,13782.17,392,1011,14.31,66075.79,4.79,13.63
2024-10-12,Referral,Awareness,North,53511,3888,7.27,10005.47,766,276,7.1,65360.3,6.53,36.25
2024-10-12,Email,Awareness,North,30372,1441,4.74,1058.71,219,132,9.16,24780.38,23.41,8.02
2024-10-14,LinkedIn,Consideration,West,243297,12552,5.16,4097.98,2000,1404,11.19,288636.3,70.43,2.92
2024-10-14,LinkedIn,Consideration,North,248236,15201,6.12,10044.15,2099,1317,8.66,486392.34,48.43,7.63
2024-10-15,Display,Consideration,East,241440,9913,4.11,33905.31,1039,852,8.59,305730.33,9.02,39.79
2024-10-15,Email,Consideration,West,157456,4289,2.72,9952.87,527,80,1.87,2468.77,0.25,124.41
2024-10-15,Referral,Conversion,East,24810,1679,6.77,5131.54,47,68,4.05,8095.55,1.58,75.46
2024-10-15,Display,Conversion,East,75910,4242,5.59,11140.6,561,330,7.78,73420.32,6.59,33.76
2024-10-16,Display,Consideration,East,237034,6961,2.94,16512.09,923,351,5.04,57491.94,3.48,47.04
2024-10-16,Meta Ads,Consideration,North,155158,6486,4.18,22465.66,1170,466,7.18,24613.93,1.1,48.21
2024-10-18,Email,Consideration,South,71093,638,0.9,1017.26,70,18,2.82,6440.24,6.33,56.51
2024-10-19,Organic Search,Awareness,East,70794,3945,5.57,4552.21,133,451,11.43,91802.0,20.17,10.09
2024-10-20,Organic Social,Conversion,South,47891,3002,6.27,6210.03,225,65,2.17,16100.19,2.59,95.54
2024-10-20,Referral,Awareness,West,229884,5624,2.45,13859.77,776,474,8.43,180040.89,12.99,29.24
2024-10-21,Display,Consideration,South,191987,12660,6.59,9678.41,798,1683,13.29,89834.75,9.28,5.75
2024-10-22,Google Ads,Conversion,North,105417,1116,1.06,3372.77,78,156,13.98,49522.31,14.68,21.62
2024-10-24,Referral,Conversion,North,58909,731,1.24,1213.28,122,42,5.75,3582.24,2.95,28.89
2024-10-25,Organic Search,Consideration,North,10410,152,1.46,335.62,19,16,10.53,5913.21,17.62,20.98
2024-10-27,Organic Search,Retention,South,215097,12376,5.75,29299.26,1380,1214,9.81,58016.11,1.98,24.13
2024-10-27,Display,Consideration,East,51099,3533,6.91,4685.56,273,87,2.46,6653.57,1.42,53.86
2024-10-28,Meta Ads,Consideration,North,33803,1919,5.68,5410.03,290,90,4.69,34771.03,6.43,60.11
2024-10-28,Display,Awareness,North,7011,262,3.74,403.5,18,21,8.02,7339.84,18.19,19.21
2024-10-29,LinkedIn,Consideration,East,188399,6466,3.43,3032.39,987,506,7.83,108730.69,35.86,5.99
2024-10-29,Email,Consideration,North,53456,2020,3.78,4659.35,65,121,5.99,25421.84,5.46,38.51
2024-10-30,LinkedIn,Awareness,West,184526,9987,5.41,10088.52,1753,937,9.38,37896.63,3.76,10.77
2024-10-30,Referral,Consideration,South,37174,487,1.31,590.86,53,42,8.62,14623.48,24.75,14.07
2024-10-30,Display,Consideration,East,119586,7153,5.98,7059.36,707,708,9.9,183589.15,26.01,9.97
2024-10-30,Email,Conversion,West,57142,4569,8.0,15956.2,593,365,7.99,75723.37,4.75,43.72
2024-10-30,Display,Conversion,West,40292,2540,6.3,3224.65,336,63,2.48,17562.44,5.45,51.18
2024-10-31,Organic Search,Consideration,South,247700,17704,7.15,18453.88,774,516,2.91,154386.33,8.37,35.76
2024-10-31,Email,Retention,North,216722,5309,2.45,11542.06,828,791,14.9,59930.6,5.19,14.59
2024-11-01,LinkedIn,Conversion,North,48056,2203,4.58,7309.04,153,122,5.54,11358.09,1.55,59.91
2024-11-02,Email,Awareness,South,100648,3669,3.65,10379.98,671,58,1.58,6112.59,0.59,178.97
2024-11-02,Meta Ads,Conversion,West,245225,10206,4.16,14863.01,1706,1227,12.02,431487.25,29.03,12.11
2024-11-03,Organic Search,Conversion,South,173455,7802,4.5,3027.39,642,1018,13.05,270980.94,89.51,2.97
2024-11-03,LinkedIn,Retention,North,91516,3763,4.11,5583.37,622,142,3.77,19549.11,3.5,39.32
2024-11-04,Email,Conversion,West,23322,1108,4.75,3663.45,93,90,8.12,19823.76,5.41,40.7
2024-11-05,Meta Ads,Awareness,West,14283,626,4.38,1408.23,23,13,2.08,5039.15,3.58,108.33
2024-11-05,LinkedIn,Conversion,North,19849,333,1.68,386.16,64,30,9.01,2249.82,5.83,12.87
2024-11-06,Organic Social,Conversion,North,139393,9011,6.46,5994.73,1238,1027,11.4,149928.26,25.01,5.84
2024-11-07,Organic Social,Awareness,East,157155,11029,7.02,21463.8,1126,1284,11.64,54129.56,2.52,16.72
2024-11-07,Meta Ads,Conversion,East,59189,1198,2.02,3307.89,109,164,13.69,63813.26,19.29,20.17
2024-11-08,Meta Ads,Awareness,West,239363,12466,5.21,3861.41,977,954,7.65,57568.15,14.91,4.05
2024-11-09,Email,Consideration,North,27054,1215,4.49,3484.57,238,162,13.33,35981.27,10.33,21.51
2024-11-09,LinkedIn,Conversion,South,178489,6693,3.75,9583.35,296,396,5.92,32629.76,3.4,24.2
2024-11-09,Meta Ads,Conversion,South,160331,8637,5.39,13840.55,662,152,1.76,30634.11,2.21,91.06
2024-11-10,Google Ads,Retention,North,181168,11533,6.37,7220.0,1238,1306,11.32,287826.55,39.87,5.53
2024-11-11,Google Ads,Consideration,South,73673,5185,7.04,6986.06,549,724,13.96,201644.34,28.86,9.65
2024-11-11,Email,Retention,West,173490,2850,1.64,4214.66,298,140,4.91,49644.64,11.78,30.1
2024-11-11,Organic Search,Consideration,South,82842,1425,1.72,951.81,73,124,8.7,46074.98,48.41,7.68
2024-11-12,Referral,Conversion,North,234718,10353,4.41,9606.67,477,381,3.68,87064.02,9.06,25.21
2024-11-12,Organic Search,Consideration,West,187170,9832,5.25,33185.47,647,524,5.33,154082.86,4.64,63.33
2024-11-12,Meta Ads,Consideration,East,130438,8653,6.63,3827.44,1597,954,11.03,363315.11,94.92,4.01
2024-11-13,Email,Awareness,West,81975,4215,5.14,13351.71,170,50,1.19,14958.33,1.12,267.03
2024-11-13,Organic Social,Retention,West,221823,13467,6.07,27931.65,2105,749,5.56,167057.98,5.98,37.29
2024-11-13,Meta Ads,Retention,East,234010,10886,4.65,7965.36,1702,563,5.17,158534.91,19.9,14.15
2024-11-14,Referral,Conversion,West,72411,5351,7.39,6872.57,886,456,8.52,29750.4,4.33,15.07
2024-11-15,Display,Consideration,East,203241,10310,5.07,22811.04,1851,1052,10.2,410210.22,17.98,21.68
2024-11-16,Email,Consideration,East,152796,9718,6.36,23310.64,654,1247,12.83,165728.17,7.11,18.69
2024-11-16,Organic Search,Consideration,West,191762,7965,4.15,26015.03,481,1070,13.43,195896.85,7.53,24.31
2024-11-17,Organic Social,Retention,West,141535,7422,5.24,11778.47,770,821,11.06,311785.92,26.47,14.35
2024-11-18,Display,Consideration,East,73803,5800,7.86,10861.86,392,404,6.97,17683.9,1.63,26.89
2024-11-18,Google Ads,Consideration,North,16190,1195,7.38,955.34,181,162,13.56,50603.21,52.97,5.9
2024-11-18,Email,Awareness,South,229977,4982,2.17,8474.06,669,67,1.34,13246.5,1.56,126.48
2024-11-19,Organic Social,Retention,North,92960,6414,6.9,6588.55,1138,621,9.68,238998.79,36.27,10.61
2024-11-20,LinkedIn,Awareness,South,153586,7110,4.63,11001.25,248,991,13.94,35343.93,3.21,11.1
2024-11-20,Referral,Awareness,South,114869,2144,1.87,862.0,396,269,12.55,51394.68,59.62,3.2
2024-11-20,Organic Social,Consideration,North,98547,1628,1.65,4112.98,118,93,5.71,20104.4,4.89,44.23
2024-11-21,Email,Consideration,South,146521,10095,6.89,20776.18,1093,703,6.96,135585.31,6.53,29.55
2024-11-21,Email,Conversion,West,157458,9205,5.85,13153.48,910,757,8.22,112768.18,8.57,17.38
2024-11-22,Organic Social,Awareness,West,144076,6311,4.38,11542.23,989,560,8.87,109889.69,9.52,20.61
2024-11-22,LinkedIn,Retention,West,142924,9769,6.84,29635.27,934,1434,14.68,531760.52,17.94,20.67
2024-11-22,Organic Social,Consideration,East,96088,7418,7.72,5949.87,1408,198,2.67,20974.42,3.53,30.05
2024-11-23,Organic Search,Consideration,East,165211,6502,3.94,20917.1,1186,879,13.52,334460.38,15.99,23.8
2024-11-24,Organic Social,Consideration,South,18140,253,1.39,835.26,44,31,12.25,7499.56,8.98,26.94
2024-11-25,LinkedIn,Awareness,North,24337,1404,5.77,1244.23,46,14,1.0,2433.34,1.96,88.87
2024-11-25,Organic Social,Awareness,East,229448,13051,5.69,40277.07,2267,1727,13.23,615925.17,15.29,23.32
2024-11-26,Organic Social,Consideration,West,167002,12129,7.26,19227.93,1949,1034,8.53,388894.83,20.23,18.6
2024-11-26,Organic Social,Conversion,West,25219,1606,6.37,2877.81,62,174,10.83,8677.02,3.02,16.54
2024-11-26,Meta Ads,Consideration,West,158741,3682,2.32,5073.62,144,107,2.91,42728.73,8.42,47.42
2024-12-01,Google Ads,Consideration,South,84003,2290,2.73,6023.3,87,105,4.59,40915.28,6.79,57.36
2024-12-02,Referral,Consideration,East,16120,1002,6.22,1105.24,22,146,14.57,49515.88,44.8,7.57
2024-12-03,Organic Search,Conversion,East,186211,2806,1.51,3479.32,333,52,1.85,15836.51,4.55,66.91
2024-12-03,Organic Search,Retention,West,207750,6936,3.34,19338.49,1353,419,6.04,108494.34,5.61,46.15
2024-12-03,Meta Ads,Awareness,North,156426,9553,6.11,25789.62,945,1039,10.88,289826.69,11.24,24.82
2024-12-04,LinkedIn,Awareness,South,145641,3108,2.13,10225.25,364,330,10.62,42653.37,4.17,30.99
2024-12-04,Referral,Awareness,East,155667,11708,7.52,5176.04,2274,959,8.19,369484.18,71.38,5.4
2024-12-05,Google Ads,Retention,North,74286,4205,5.66,11323.84,277,235,5.59,59720.29,5.27,48.19
2024-12-05,Referral,Conversion,South,51733,3949,7.63,10282.23,689,479,12.13,178319.19,17.34,21.47
2024-12-05,LinkedIn,Retention,West,246125,11908,4.84,36763.72,1409,1772,14.88,353275.16,9.61,20.75
2024-12-05,Google Ads,Awareness,South,183847,10458,5.69,25594.3,1281,1359,12.99,407439.14,15.92,18.83
2024-12-06,Email,Retention,North,213944,8096,3.78,22324.03,662,806,9.96,118284.36,5.3,27.7
2024-12-07,Organic Search,Consideration,West,135576,5946,4.39,17076.69,719,143,2.4,47586.28,2.79,119.42
2024-12-07,Google Ads,Conversion,North,45583,2793,6.13,3230.24,92,128,4.58,20829.31,6.45,25.24
2024-12-07,Email,Conversion,East,27207,2169,7.97,6223.8,341,144,6.64,10903.62,1.75,43.22
2024-12-07,LinkedIn,Awareness,North,31086,1527,4.91,834.06,108,49,3.21,6895.37,8.27,17.02
2024-12-07,LinkedIn,Retention,West,64500,3828,5.93,8009.71,688,78,2.04,30591.62,3.82,102.69
2024-12-08,Display,Conversion,West,146559,11248,7.67,10278.44,969,1361,12.1,489521.79,47.63,7.55
2024-12-09,LinkedIn,Consideration,East,138623,10579,7.63,34528.84,483,1580,14.94,177346.51,5.14,21.85
2024-12-09,Organic Search,Consideration,South,92896,968,1.04,1886.6,140,135,13.95,16791.92,8.9,13.97
2024-12-10,Organic Search,Conversion,West,134350,4007,2.98,11652.49,198,394,9.83,69834.66,5.99,29.57
2024-12-10,LinkedIn,Consideration,South,168730,12418,7.36,25562.24,1933,354,2.85,12538.48,0.49,72.21
2024-12-11,Referral,Consideration,West,218981,15527,7.09,48854.16,3016,1992,12.83,555525.79,11.37,24.53
2024-12-11,Organic Social,Conversion,West,220938,1928,0.87,1830.47,309,84,4.36,4098.94,2.24,21.79
2024-12-11,Referral,Awareness,East,138663,6713,4.84,7635.25,161,766,11.41,71784.21,9.4,9.97
2024-12-11,Organic Social,Conversion,West,101111,3883,3.84,7533.95,496,534,13.75,20956.35,2.78,14.11
2024-12-11,Organic Social,Awareness,South,192187,14522,7.56,11630.5,2108,1743,12.0,302028.85,25.97,6.67
2024-12-11,Organic Social,Conversion,South,219369,11133,5.08,37832.08,1876,412,3.7,20855.17,0.55,91.83
2024-12-13,Referral,Retention,West,127232,2272,1.79,7528.6,68,158,6.95,55515.6,7.37,47.65
2024-12-13,Organic Search,Retention,West,54847,3168,5.78,10140.92,337,443,13.98,121208.28,11.95,22.89
2024-12-13,Google Ads,Awareness,North,166458,12596,7.57,11122.44,1465,573,4.55,108563.74,9.76,19.41
2024-12-14,Email,Consideration,South,131688,8288,6.29,26509.66,418,846,10.21,206373.92,7.78,31.34
2024-12-14,Display,Retention,East,111022,951,0.86,2894.42,74,25,2.63,5366.76,1.85,115.78
2024-12-14,Organic Search,Awareness,East,71707,1094,1.53,284.67,108,134,12.25,29157.04,102.42,2.12
2024-12-14,LinkedIn,Conversion,South,198016,2780,1.4,6550.63,472,315,11.33,44053.19,6.73,20.8
2024-12-14,Email,Conversion,East,234416,18287,7.8,9136.63,3425,288,1.57,100083.28,10.95,31.72
2024-12-15,LinkedIn,Retention,East,200161,7125,3.56,3672.36,948,173,2.43,18037.63,4.91,21.23
2024-12-16,Google Ads,Consideration,North,5781,219,3.79,514.97,19,22,10.05,6840.21,13.28,23.41
2024-12-17,LinkedIn,Retention,South,110487,7623,6.9,13361.38,501,324,4.25,31708.83,2.37,41.24
2024-12-17,Meta Ads,Consideration,North,201749,5902,2.93,2438.69,1161,486,8.23,93971.24,38.53,5.02
2024-12-19,Meta Ads,Awareness,East,187024,11268,6.02,24575.07,2219,716,6.35,212955.88,8.67,34.32
2024-12-20,Google Ads,Conversion,South,235363,6683,2.84,8747.55,1246,914,13.68,93364.0,10.67,9.57
2024-12-20,Email,Awareness,South,142416,7097,4.98,2016.29,1145,889,12.53,145082.31,71.96,2.27
2024-12-20,Meta Ads,Retention,North,59245,2963,5.0,9307.15,233,55,1.86,17491.02,1.88,169.22
2024-12-22,Display,Conversion,West,52093,2106,4.04,6480.79,351,296,14.06,85780.21,13.24,21.89
2024-12-22,Referral,Consideration,South,173048,9723,5.62,25006.06,909,511,5.26,32512.03,1.3,48.94
2024-12-22,Google Ads,Retention,West,43392,1549,3.57,629.36,122,144,9.3,53958.8,85.74,4.37
2024-12-23,Email,Awareness,South,5276,301,5.71,385.65,46,10,3.32,837.33,2.17,38.56
2024-12-24,Meta Ads,Consideration,West,195237,4037,2.07,12338.14,138,421,10.43,110792.37,8.98,29.31
2024-12-24,Organic Search,Retention,North,44901,3560,7.93,3081.28,102,151,4.24,17346.21,5.63,20.41
2024-12-25,Organic Social,Consideration,West,162584,8115,4.99,18348.09,816,363,4.47,125480.04,6.84,50.55
2024-12-25,Referral,Awareness,East,42823,2427,5.67,5417.82,243,344,14.17,77198.66,14.25,15.75
2024-12-25,Organic Search,Conversion,North,170593,4634,2.72,1835.64,839,316,6.82,12010.8,6.54,5.81
2024-12-25,Meta Ads,Conversion,North,137970,7814,5.66,23527.85,333,362,4.63,55821.3,2.37,64.99
2024-12-25,Organic Social,Awareness,South,17109,1152,6.73,1778.96,48,25,2.17,1505.54,0.85,71.16
2024-12-26,Organic Search,Conversion,West,23800,920,3.87,2906.25,42,100,10.87,5838.77,2.01,29.06
2024-12-26,LinkedIn,Consideration,East,149063,6229,4.18,11474.31,157,652,10.47,178010.11,15.51,17.6
2024-12-29,Meta Ads,Awareness,West,49629,1072,2.16,1977.83,35,59,5.5,2030.17,1.03,33.52
2024-12-29,Organic Search,Retention,East,130074,7653,5.88,25984.68,1062,894,11.68,72237.21,2.78,29.07
2024-12-30,Organic Search,Retention,West,21288,999,4.69,541.69,97,129,12.91,37346.08,68.94,4.2
2024-12-30,Organic Social,Conversion,East,49789,418,0.84,168.31,65,23,5.5,890.77,5.29,7.32
2024-12-30,Display,Conversion,South,105318,8324,7.9,11830.24,1653,832,10.0,326416.41,27.59,14.22
2024-12-30,Display,Consideration,East,208196,7244,3.48,15494.08,1004,394,5.44,28607.41,1.85,39.33
2024-12-31,Organic Social,Consideration,North,13259,278,2.1,926.25,8,3,1.08,811.63,0.88,308.75
2025-01-01,Display,Retention,East,179023,13994,7.82,13299.58,543,1946,13.91,416394.96,31.31,6.83
2025-01-01,Email,Conversion,East,131060,6708,5.12,11838.8,1197,770,11.48,307810.91,26.0,15.38
2025-01-01,Organic Search,Awareness,East,64871,3681,5.67,6715.14,423,92,2.5,28819.1,4.29,72.99
2025-01-01,Display,Consideration,South,79071,873,1.1,1921.4,147,90,10.31,20250.77,10.54,21.35
2025-01-02,Organic Search,Retention,North,76155,689,0.9,201.15,120,41,5.95,14450.48,71.84,4.91
2025-01-03,Organic Search,Consideration,West,163806,5712,3.49,12628.3,1068,769,13.46,182961.1,14.49,16.42
2025-01-03,Display,Awareness,South,205410,13960,6.8,36680.97,2665,1537,11.01,74313.33,2.03,23.87
2025-01-03,Meta Ads,Awareness,South,25538,848,3.32,1915.02,101,55,6.49,15257.45,7.97,34.82
2025-01-03,Referral,Conversion,North,195747,4259,2.18,10931.79,346,565,13.27,211910.49,19.38,19.35
2025-01-04,Email,Retention,West,128053,3711,2.9,11025.77,716,241,6.49,82976.74,7.53,45.75
2025-01-05,Organic Social,Awareness,North,141554,10674,7.54,26999.84,1265,803,7.52,221380.85,8.2,33.62
2025-01-05,Google Ads,Retention,North,99754,2376,2.38,3960.75,74,97,4.08,10821.52,2.73,40.83
2025-01-05,Organic Search,Conversion,West,100998,6607,6.54,5827.08,896,462,6.99,78305.7,13.44,12.61
2025-01-06,Organic Social,Consideration,West,158504,11367,7.17,30782.82,1429,933,8.21,258233.23,8.39,32.99
2025-01-06,LinkedIn,Retention,South,144251,8211,5.69,10582.9,1488,882,10.74,197838.72,18.69,12.0
2025-01-07,Google Ads,Awareness,South,95102,5831,6.13,2768.26,802,753,12.91,53901.84,19.47,3.68
2025-01-07,LinkedIn,Retention,West,187721,3013,1.61,4716.42,249,164,5.44,27334.66,5.8,28.76
2025-01-07,LinkedIn,Conversion,South,93668,3525,3.76,3705.44,683,104,2.95,11067.44,2.99,35.63
2025-01-07,Referral,Retention,South,154817,4499,2.91,10836.54,739,60,1.33,10855.29,1.0,180.61
2025-01-07,Organic Social,Consideration,North,206465,14564,7.05,4330.51,1943,1913,13.14,64549.1,14.91,2.26
2025-01-07,Meta Ads,Consideration,West,148016,2518,1.7,2125.04,183,34,1.35,13391.01,6.3,62.5
2025-01-08,LinkedIn,Conversion,East,241460,12010,4.97,3434.92,1047,273,2.27,44211.07,12.87,12.58
2025-01-08,Meta Ads,Awareness,South,160394,9444,5.89,11839.07,1327,682,7.22,208100.66,17.58,17.36
2025-01-08,Organic Search,Consideration,South,104441,5302,5.08,5711.62,174,130,2.45,27584.52,4.83,43.94
2025-01-08,Email,Retention,West,208058,6308,3.03,2135.65,417,185,2.93,54078.6,25.32,11.54
2025-01-09,LinkedIn,Awareness,West,186572,12820,6.87,20308.31,1903,167,1.3,21912.16,1.08,121.61
2025-01-10,Display,Retention,West,103746,1143,1.1,2254.46,121,113,9.89,34521.6,15.31,19.95
2025-01-11,LinkedIn,Awareness,West,154960,8341,5.38,11886.0,770,1026,12.3,33453.63,2.81,11.58
2025-01-13,Display,Awareness,North,227740,9100,4.0,16421.77,430,255,2.8,94417.55,5.75,64.4
2025-01-13,Display,Awareness,West,157110,3743,2.38,8201.66,372,245,6.55,96543.34,11.77,33.48
2025-01-14,Organic Social,Awareness,West,67987,1547,2.28,1866.25,245,66,4.27,14446.9,7.74,28.28
2025-01-14,Organic Search,Awareness,North,200238,11216,5.6,28160.91,757,223,1.99,24010.34,0.85,126.28
2025-01-14,Organic Social,Conversion,North,216476,15416,7.12,20753.95,323,1768,11.47,393780.29,18.97,11.74
2025-01-14,Referral,Retention,North,221992,10513,4.74,13492.84,1475,757,7.2,25665.41,1.9,17.82
2025-01-17,Organic Search,Retention,East,198226,10621,5.36,27861.97,2071,1500,14.12,185082.95,6.64,18.57
2025-01-18,Organic Search,Consideration,South,200458,7177,3.58,3382.91,927,95,1.32,17406.72,5.15,35.61
2025-01-18,Display,Consideration,West,102136,4018,3.93,10115.63,167,262,6.52,40962.04,4.05,38.61
2025-01-18,Meta Ads,Awareness,East,87279,3304,3.79,11204.79,256,380,11.5,105015.81,9.37,29.49
2025-01-18,Meta Ads,Retention,East,168834,3283,1.94,9678.25,578,237,7.22,93069.11,9.62,40.84
2025-01-19,Organic Search,Retention,West,212020,12866,6.07,16778.86,795,671,5.22,114982.52,6.85,25.01
2025-01-19,Organic Search,Conversion,East,81229,4366,5.37,7061.89,564,171,3.92,62719.41,8.88,41.3
2025-01-19,Organic Social,Awareness,East,162547,2574,1.58,1276.44,238,377,14.65,36048.74,28.24,3.39
2025-01-19,Google Ads,Conversion,West,170682,7711,4.52,4124.32,442,86,1.12,7656.56,1.86,47.96
2025-01-20,Meta Ads,Conversion,North,125234,8987,7.18,15547.47,1495,1146,12.75,178948.69,11.51,13.57
2025-01-20,Email,Awareness,North,211940,4321,2.04,7693.92,664,530,12.27,82301.66,10.7,14.52
2025-01-20,LinkedIn,Consideration,South,148996,11236,7.54,24315.07,1562,1454,12.94,320154.29,13.17,16.72
2025-01-20,LinkedIn,Retention,South,86912,1870,2.15,4642.98,116,119,6.36,12933.61,2.79,39.02
2025-01-20,Display,Retention,North,154130,1744,1.13,729.52,65,250,14.33,64030.59,87.77,2.92
2025-01-21,Google Ads,Conversion,North,212709,14077,6.62,29016.35,1741,1627,11.56,641008.65,22.09,17.83
2025-01-21,Display,Consideration,West,41593,2911,7.0,6520.34,348,226,7.76,90355.51,13.86,28.85
2025-01-22,Organic Social,Consideration,North,244647,18585,7.6,60488.56,1001,2452,13.19,172894.59,2.86,24.67
2025-01-22,Meta Ads,Awareness,South,57756,4231,7.33,5963.59,127,310,7.33,24418.24,4.09,19.24
2025-01-22,Meta Ads,Awareness,North,19357,335,1.73,877.95,11,26,7.76,4165.56,4.74,33.77
2025-01-24,Email,Awareness,South,23708,1001,4.22,2169.5,198,119,11.89,47525.97,21.91,18.23
2025-01-24,Google Ads,Conversion,West,111752,2561,2.29,7221.37,412,180,7.03,13092.69,1.81,40.12
2025-01-25,Referral,Awareness,East,10744,460,4.28,436.3,85,33,7.17,5677.99,13.01,13.22
2025-01-25,Email,Retention,West,230683,9304,4.03,6661.99,512,689,7.41,94691.96,14.21,9.67
2025-01-26,Organic Social,Retention,North,62828,2301,3.66,3059.57,443,33,1.43,12121.04,3.96,92.71
2025-01-26,LinkedIn,Conversion,West,56631,2692,4.75,3858.62,122,258,9.58,28322.11,7.34,14.96
2025-01-27,Referral,Conversion,West,78869,3231,4.1,9118.71,360,162,5.01,48380.12,5.31,56.29
2025-01-27,Google Ads,Retention,South,191733,8860,4.62,3945.48,1500,470,5.3,23611.14,5.98,8.39
2025-01-27,Organic Search,Awareness,North,104239,3981,3.82,12567.28,330,247,6.2,98399.63,7.83,50.88
2025-01-27,Google Ads,Retention,East,97021,3824,3.94,8278.76,368,391,10.22,75811.72,9.16,21.17
2025-01-28,Display,Retention,North,236496,8944,3.78,18071.44,385,237,2.65,40369.36,2.23,76.25
2025-01-28,Display,Consideration,East,12597,991,7.87,2046.06,41,67,6.76,18670.18,9.12,30.54
2025-01-29,Organic Search,Retention,East,160024,7770,4.86,13157.52,1021,808,10.4,67743.85,5.15,16.28
2025-01-30,Google Ads,Conversion,South,180021,8671,4.82,6807.1,1227,1158,13.35,226168.93,33.23,5.88
2025-01-30,Referral,Conversion,South,139308,3704,2.66,3204.6,592,171,4.62,31351.24,9.78,18.74
2025-01-30,Organic Social,Awareness,North,71677,4462,6.23,6481.41,536,269,6.03,49390.44,7.62,24.09
2025-01-30,Meta Ads,Awareness,West,83931,3693,4.4,10808.38,503,145,3.93,40062.15,3.71,74.54
2025-01-31,Meta Ads,Retention,East,172647,6187,3.58,8615.47,138,161,2.6,27845.95,3.23,53.51
2025-01-31,Organic Social,Awareness,South,121923,2432,1.99,2629.4,119,319,13.12,19014.56,7.23,8.24
2025-01-31,Referral,Consideration,North,122961,6395,5.2,14359.55,1261,800,12.51,160763.65,11.2,17.95
2025-02-01,Meta Ads,Awareness,West,72843,3636,4.99,11700.67,122,404,11.11,66814.63,5.71,28.96
2025-02-01,Meta Ads,Awareness,North,63478,3500,5.51,3652.34,497,473,13.51,121900.15,33.38,7.72
2025-02-01,Organic Social,Retention,West,222782,4305,1.93,14322.55,222,59,1.37,2580.18,0.18,242.76
2025-02-03,Google Ads,Awareness,South,167777,10939,6.52,21348.35,1630,628,5.74,79873.94,3.74,33.99
2025-02-03,Meta Ads,Consideration,East,22087,256,1.16,605.15,37,32,12.5,4227.23,6.99,18.91
2025-02-04,Organic Search,Consideration,East,82988,5589,6.73,3459.63,347,716,12.81,284236.08,82.16,4.83
2025-02-04,Organic Social,Conversion,North,190378,8468,4.45,3820.16,580,1225,14.47,282423.77,73.93,3.12
2025-02-04,Referral,Consideration,East,207978,14239,6.85,33558.0,1962,1404,9.86,52041.65,1.55,23.9
2025-02-05,Email,Consideration,West,207435,8362,4.03,8476.82,754,955,11.42,172794.83,20.38,8.88
2025-02-05,Google Ads,Awareness,West,26826,1972,7.35,4268.03,108,68,3.45,17689.75,4.14,62.77
2025-02-05,Referral,Awareness,North,167005,7059,4.23,17917.65,1070,701,9.93,238485.71,13.31,25.56
2025-02-06,Google Ads,Awareness,South,109648,1593,1.45,3513.31,76,74,4.65,6447.9,1.84,47.48
2025-02-06,Organic Search,Consideration,North,138004,8797,6.37,28088.83,1530,857,9.74,236517.14,8.42,32.78
2025-02-06,Display,Retention,West,123362,3613,2.93,4633.7,406,396,10.96,114611.65,24.73,11.7
2025-02-07,Organic Search,Retention,North,79813,4494,5.63,4743.81,175,379,8.43,108013.91,22.77,12.52
2025-02-07,Display,Conversion,West,55085,3464,6.29,5718.02,502,76,2.19,13884.51,2.43,75.24
2025-02-10,LinkedIn,Retention,North,42711,2315,5.42,3188.63,262,38,1.64,10756.69,3.37,83.91
2025-02-10,Display,Conversion,East,61481,4076,6.63,4977.96,300,505,12.39,56932.02,11.44,9.86
2025-02-11,LinkedIn,Consideration,South,208199,16494,7.92,37058.72,1584,835,5.06,30522.69,0.82,44.38
2025-02-11,Organic Social,Retention,West,153683,10082,6.56,4516.92,743,1109,11.0,428400.55,94.84,4.07
2025-02-11,Organic Search,Awareness,West,48472,3018,6.23,4872.59,203,380,12.59,42430.29,8.71,12.82
2025-02-11,LinkedIn,Consideration,South,63557,517,0.81,138.33,25,29,5.61,3128.23,22.61,4.77
2025-02-12,LinkedIn,Retention,South,230361,7854,3.41,11462.05,669,376,4.79,24452.02,2.13,30.48
2025-02-12,Meta Ads,Consideration,West,229790,7690,3.35,22704.78,501,641,8.34,33778.93,1.49,35.42
2025-02-12,Referral,Retention,South,153781,3993,2.6,10936.6,571,416,10.42,81336.2,7.44,26.29
2025-02-13,LinkedIn,Conversion,East,137001,2352,1.72,2861.03,336,147,6.25,37413.47,13.08,19.46
2025-02-13,Google Ads,Conversion,East,186801,7790,4.17,21527.57,859,229,2.94,8494.1,0.39,94.01
2025-02-14,Organic Social,Consideration,East,148938,9656,6.48,22563.96,1545,946,9.8,101680.37,4.51,23.85
2025-02-14,Google Ads,Retention,South,172188,1553,0.9,4373.02,266,171,11.01,9037.71,2.07,25.57
2025-02-16,Organic Search,Retention,East,13068,1031,7.89,1248.73,128,22,2.13,6646.67,5.32,56.76
2025-02-16,Referral,Retention,North,155871,3580,2.3,4332.77,470,517,14.44,73460.38,16.95,8.38
2025-02-17,Organic Search,Retention,South,34055,1292,3.79,3077.78,91,158,12.23,48689.91,15.82,19.48
2025-02-18,Display,Awareness,West,186948,10144,5.43,12921.27,1836,1498,14.77,269865.41,20.89,8.63
2025-02-18,Organic Search,Consideration,North,18893,172,0.91,55.42,4,24,13.95,7800.35,140.75,2.31
2025-02-18,Google Ads,Consideration,North,249325,11545,4.63,31707.38,955,512,4.43,185603.61,5.85,61.93
2025-02-19,LinkedIn,Consideration,North,182643,9365,5.13,3254.99,1404,168,1.79,48350.28,14.85,19.37
2025-02-19,Display,Awareness,West,211402,10425,4.93,31231.24,358,1314,12.6,341814.62,10.94,23.77
2025-02-20,Meta Ads,Conversion,East,96703,1569,1.62,974.28,83,22,1.4,6139.13,6.3,44.29
2025-02-20,Display,Retention,North,231727,13462,5.81,37531.89,1697,865,6.43,325049.61,8.66,43.39
2025-02-20,Google Ads,Retention,South,181806,1744,0.96,2395.0,210,89,5.1,21006.7,8.77,26.91
2025-02-20,Meta Ads,Retention,East,20037,1353,6.75,1594.54,207,27,2.0,9845.48,6.17,59.06
2025-02-20,Display,Consideration,West,145836,1746,1.2,3773.64,290,204,11.68,41723.82,11.06,18.5
2025-02-20,Meta Ads,Awareness,North,23354,371,1.59,174.71,16,41,11.05,8802.41,50.38,4.26
2025-02-21,Meta Ads,Awareness,South,213139,6950,3.26,12028.8,161,724,10.42,186113.45,15.47,16.61
2025-02-21,Display,Retention,North,100040,4477,4.48,1673.42,645,331,7.39,108378.72,64.76,5.06
2025-02-22,Display,Conversion,East,11710,477,4.07,183.58,35,32,6.71,2918.57,15.9,5.74
2025-02-23,Referral,Awareness,North,82175,4375,5.32,9133.32,580,307,7.02,81369.75,8.91,29.75
2025-02-23,LinkedIn,Retention,North,105158,2949,2.8,9827.94,138,311,10.55,54965.68,5.59,31.6
2025-02-23,Organic Social,Retention,South,63810,1683,2.64,944.36,175,195,11.59,9667.27,10.24,4.84
2025-02-23,Meta Ads,Awareness,North,229834,9769,4.25,23980.68,1082,1145,11.72,442931.69,18.47,20.94
2025-02-25,Referral,Awareness,East,27190,2028,7.46,1701.46,254,22,1.08,5548.94,3.26,77.34
2025-02-25,Display,Conversion,East,69307,2959,4.27,4992.78,332,158,5.34,7169.59,1.44,31.6
2025-02-25,Email,Consideration,North,139702,10201,7.3,8056.17,1114,887,8.7,217966.98,27.06,9.08
2025-02-26,Display,Consideration,West,42772,1199,2.8,3192.28,95,14,1.17,5164.54,1.62,228.02
2025-02-26,Display,Consideration,North,73344,2926,3.99,6729.31,96,78,2.67,8060.23,1.2,86.27
2025-02-27,LinkedIn,Consideration,South,131498,1503,1.14,822.09,54,136,9.05,4117.62,5.01,6.04
2025-02-27,Organic Search,Conversion,North,86348,3161,3.66,5334.79,310,267,8.45,69314.81,12.99,19.98
2025-03-02,Referral,Consideration,North,176675,7719,4.37,3854.48,648,821,10.64,124189.77,32.22,4.69
2025-03-03,Referral,Consideration,North,35651,2452,6.88,2462.25,276,129,5.26,39816.36,16.17,19.09
2025-03-06,Meta Ads,Conversion,East,140450,6349,4.52,10452.2,475,786,12.38,128707.69,12.31,13.3
2025-03-06,Google Ads,Awareness,North,201103,14632,7.28,13097.04,2104,1280,8.75,385853.25,29.46,10.23
2025-03-06,Organic Search,Retention,South,53777,968,1.8,1985.95,169,33,3.41,11608.02,5.85,60.18
2025-03-07,Organic Social,Awareness,West,173509,7157,4.12,8252.0,528,701,9.79,146484.89,17.75,11.77
2025-03-09,Google Ads,Awareness,North,66709,2415,3.62,2465.04,132,311,12.88,116908.14,47.43,7.93
2025-03-09,Organic Social,Consideration,South,123418,6912,5.6,11932.91,282,445,6.44,105790.83,8.87,26.82
2025-03-10,Display,Consideration,East,213385,2884,1.35,1841.65,377,68,2.36,4299.92,2.33,27.08
2025-03-11,Organic Social,Awareness,East,198515,3498,1.76,1037.42,349,62,1.77,23768.23,22.91,16.73
2025-03-11,LinkedIn,Conversion,East,184402,1556,0.84,1965.22,83,159,10.22,31474.47,16.02,12.36
2025-03-13,Google Ads,Conversion,South,203652,6157,3.02,2550.95,846,485,7.88,23435.04,9.19,5.26
2025-03-14,Organic Search,Consideration,West,43211,1625,3.76,1984.2,75,88,5.42,8334.22,4.2,22.55
2025-03-14,LinkedIn,Conversion,South,68278,4981,7.3,9538.5,596,382,7.67,38646.23,4.05,24.97
2025-03-15,Google Ads,Conversion,North,214184,5627,2.63,18101.5,646,209,3.71,16153.69,0.89,86.61
2025-03-16,LinkedIn,Consideration,East,144544,4174,2.89,1152.83,635,359,8.6,72296.78,62.71,3.21
2025-03-16,Meta Ads,Retention,South,37994,2002,5.27,2811.16,59,111,5.54,10006.39,3.56,25.33
2025-03-16,Meta Ads,Conversion,North,185005,10613,5.74,26822.85,1908,441,4.16,136222.36,5.08,60.82
2025-03-16,Google Ads,Conversion,East,222770,16469,7.39,21810.28,2413,1079,6.55,58638.62,2.69,20.21
2025-03-17,Meta Ads,Conversion,South,241281,9143,3.79,8283.43,538,324,3.54,97577.35,11.78,25.57
2025-03-17,Google Ads,Conversion,North,197121,3301,1.67,1625.99,174,299,9.06,114721.57,70.55,5.44
2025-03-17,Organic Social,Awareness,East,86557,5581,6.45,2781.74,545,822,14.73,98781.42,35.51,3.38
2025-03-18,Google Ads,Conversion,West,72990,1658,2.27,4240.95,277,138,8.32,31775.62,7.49,30.73
2025-03-18,Organic Search,Consideration,North,203100,3443,1.7,6603.14,591,280,8.13,67187.12,10.18,23.58
2025-03-19,Referral,Awareness,North,95536,6727,7.04,4239.95,764,901,13.39,48445.21,11.43,4.71
2025-03-19,Display,Consideration,North,188852,2190,1.16,6242.97,383,231,10.55,49113.18,7.87,27.03
2025-03-19,Referral,Awareness,West,193398,9409,4.87,3988.68,197,398,4.23,97723.92,24.5,10.02
2025-03-20,Email,Awareness,West,151920,7837,5.16,13658.54,206,459,5.86,143255.95,10.49,29.76
2025-03-20,Meta Ads,Conversion,West,71418,5284,7.4,2032.44,972,57,1.08,20426.15,10.05,35.66
2025-03-20,Email,Retention,North,94709,3107,3.28,10136.52,495,239,7.69,62327.66,6.15,42.41
2025-03-20,Display,Consideration,South,106665,8111,7.6,23532.04,820,621,7.66,223555.69,9.5,37.89
2025-03-21,Referral,Consideration,West,170696,2319,1.36,6582.84,360,89,3.84,22787.81,3.46,73.96
2025-03-21,Referral,Consideration,West,136717,5831,4.27,14717.4,1119,170,2.92,61593.41,4.19,86.57
2025-03-21,Google Ads,Awareness,North,159553,9567,6.0,6485.22,1520,1329,13.89,67945.0,10.48,4.88
2025-03-21,Display,Awareness,West,182832,6760,3.7,5321.69,1160,848,12.54,234697.83,44.1,6.28
2025-03-21,Email,Consideration,North,101334,7077,6.98,17280.61,1110,158,2.23,21330.83,1.23,109.37
2025-03-21,Referral,Retention,West,217695,8115,3.73,17459.46,408,691,8.52,40364.35,2.31,25.27
2025-03-22,Meta Ads,Conversion,North,9648,539,5.59,1225.62,91,24,4.45,4827.98,3.94,51.07
2025-03-22,LinkedIn,Conversion,North,81917,5529,6.75,9943.9,304,367,6.64,56045.82,5.64,27.1
2025-03-22,Display,Retention,East,71624,2719,3.8,3114.6,491,194,7.13,44371.85,14.25,16.05
2025-03-23,Organic Social,Awareness,North,245704,13022,5.3,32618.39,1335,1665,12.79,179438.76,5.5,19.59
2025-03-24,Organic Social,Retention,East,130147,3769,2.9,13005.87,534,290,7.69,20204.96,1.55,44.85
2025-03-25,Google Ads,Retention,South,82064,2443,2.98,2018.68,267,252,10.32,74185.79,36.75,8.01
2025-03-25,Organic Social,Retention,West,90371,4299,4.76,2465.59,158,275,6.4,67712.29,27.46,8.97
2025-03-26,Referral,Awareness,West,153226,6116,3.99,15336.63,442,221,3.61,38480.73,2.51,69.4
2025-03-26,Meta Ads,Awareness,South,83518,1085,1.3,2343.62,213,68,6.27,20526.61,8.76,34.46
2025-03-26,LinkedIn,Consideration,North,151295,1567,1.04,1727.8,302,119,7.59,43713.38,25.3,14.52
2025-03-28,Organic Social,Awareness,West,184272,9562,5.19,27886.49,742,249,2.6,65614.81,2.35,111.99
2025-03-28,Referral,Conversion,South,225460,15056,6.68,14345.57,3001,837,5.56,278818.64,19.44,17.14
2025-03-28,Email,Conversion,North,225972,7484,3.31,7368.81,1288,1037,13.86,374131.62,50.77,7.11
2025-03-30,Display,Awareness,East,91836,5748,6.26,9678.13,747,516,8.98,136795.9,14.13,18.76
2025-03-30,Referral,Awareness,South,226095,16950,7.5,24979.61,461,747,4.41,211402.22,8.46,33.44
2025-03-31,Email,Retention,North,82949,6493,7.83,10919.62,1183,721,11.1,131360.58,12.03,15.15
2025-03-31,LinkedIn,Awareness,East,142888,3908,2.74,2634.5,470,202,5.17,69263.29,26.29,13.04
2025-03-31,Google Ads,Retention,North,74615,666,0.89,2056.34,117,92,13.81,14480.25,7.04,22.35
2025-03-31,Email,Awareness,East,32624,2304,7.06,4082.86,392,209,9.07,45927.56,11.25,19.54
2025-03-31,Meta Ads,Consideration,South,25878,899,3.47,2232.86,152,61,6.79,17808.23,7.98,36.6
2025-04-01,Organic Social,Consideration,West,173298,7791,4.5,11355.59,1134,576,7.39,96502.45,8.5,19.71
2025-04-02,Referral,Awareness,West,213559,6098,2.86,4745.76,441,761,12.48,262015.24,55.21,6.24
2025-04-03,Google Ads,Conversion,North,207040,14526,7.02,29466.31,1169,147,1.01,8487.08,0.29,200.45
2025-04-03,Referral,Retention,North,172746,9047,5.24,24159.06,683,636,7.03,185212.45,7.67,37.99
2025-04-04,Organic Social,Awareness,West,36337,1299,3.57,839.83,30,191,14.7,11144.91,13.27,4.4
2025-04-04,LinkedIn,Conversion,South,56151,1967,3.5,6321.68,245,170,8.64,38079.41,6.02,37.19
2025-04-04,Organic Search,Awareness,North,165372,7927,4.79,19977.82,1155,443,5.59,153978.94,7.71,45.1
2025-04-04,Organic Search,Retention,West,195001,12541,6.43,8513.93,2178,1296,10.33,126580.88,14.87,6.57
2025-04-05,Referral,Consideration,West,14346,341,2.38,953.56,15,37,10.85,4351.76,4.56,25.77
2025-04-05,Organic Search,Retention,West,222228,2974,1.34,6803.46,350,365,12.27,102265.05,15.03,18.64
2025-04-05,Email,Conversion,North,41304,1701,4.12,517.44,36,69,4.06,17959.26,34.71,7.5
2025-04-05,Referral,Conversion,North,199442,12015,6.02,7486.43,445,1380,11.49,113186.23,15.12,5.42
2025-04-06,LinkedIn,Consideration,South,229605,14836,6.46,51669.69,441,2066,13.93,826284.76,15.99,25.01
2025-04-06,Email,Conversion,West,38380,2269,5.91,1783.15,341,185,8.15,63049.29,35.36,9.64
2025-04-06,Organic Social,Retention,West,11823,716,6.06,1979.06,24,38,5.31,5966.81,3.01,52.08
2025-04-07,Email,Conversion,North,114089,7929,6.95,5700.99,1181,608,7.67,112482.32,19.73,9.38
2025-04-08,LinkedIn,Conversion,East,55290,2038,3.69,702.61,132,296,14.52,16470.59,23.44,2.37
2025-04-08,Organic Search,Awareness,West,234948,4562,1.94,14963.58,811,299,6.55,91892.23,6.14,50.05
2025-04-10,Organic Social,Awareness,South,125956,6525,5.18,18414.08,1085,294,4.51,10290.01,0.56,62.63
2025-04-11,Organic Search,Conversion,North,238335,14092,5.91,20185.12,2711,771,5.47,195117.25,9.67,26.18
2025-04-13,LinkedIn,Conversion,South,210099,8499,4.05,2705.39,1521,153,1.8,22206.73,8.21,17.68
2025-04-13,Referral,Conversion,East,16093,1038,6.45,3598.44,195,80,7.71,29124.89,8.09,44.98
2025-04-14,Display,Retention,West,218451,13058,5.98,44101.43,2279,1157,8.86,354244.87,8.03,38.12
2025-04-14,LinkedIn,Consideration,West,54812,2869,5.23,1586.23,415,50,1.74,19351.18,12.2,31.72
2025-04-15,Display,Awareness,East,70333,3307,4.7,2045.98,167,399,12.07,47040.98,22.99,5.13
2025-04-15,Email,Consideration,West,136265,10806,7.93,18313.11,744,372,3.44,24461.61,1.34,49.23
2025-04-15,Meta Ads,Awareness,South,141917,3493,2.46,8812.33,203,258,7.39,34178.09,3.88,34.16
2025-04-16,Referral,Conversion,South,127775,9357,7.32,15449.49,1203,428,4.57,154584.32,10.01,36.1
2025-04-16,Google Ads,Conversion,West,207041,13303,6.43,46103.59,1471,528,3.97,26457.44,0.57,87.32
2025-04-17,Email,Consideration,East,159455,11964,7.5,39664.47,2106,507,4.24,106534.1,2.69,78.23
2025-04-17,Email,Retention,East,166162,13232,7.96,6865.89,2533,246,1.86,23213.92,3.38,27.91
2025-04-17,Google Ads,Retention,East,234306,15045,6.42,6322.99,1397,1417,9.42,199512.69,31.55,4.46
2025-04-18,Organic Social,Retention,South,79964,2624,3.28,3197.99,291,114,4.34,42506.75,13.29,28.05
2025-04-18,Organic Search,Retention,South,47604,3553,7.46,6572.18,692,103,2.9,5202.55,0.79,63.81
2025-04-18,Organic Search,Consideration,North,29995,2040,6.8,2649.68,142,211,10.34,62914.12,23.74,12.56
2025-04-19,Email,Retention,South,200119,14157,7.07,46358.34,2302,1161,8.2,129795.71,2.8,39.93
2025-04-19,Organic Social,Awareness,South,142701,9666,6.77,33570.14,585,606,6.27,133604.92,3.98,55.4
2025-04-19,Google Ads,Conversion,East,24446,1187,4.86,3136.98,169,72,6.07,11170.47,3.56,43.57
2025-04-20,Meta Ads,Conversion,West,73670,5820,7.9,7186.58,382,472,8.11,82390.72,11.46,15.23
2025-04-20,LinkedIn,Awareness,East,211487,12665,5.99,19745.01,2267,682,5.38,187461.32,9.49,28.95
2025-04-20,Email,Awareness,West,244472,2754,1.13,6578.42,333,107,3.89,36137.98,5.49,61.48
2025-04-20,LinkedIn,Awareness,East,7454,263,3.53,343.48,14,32,12.17,11310.16,32.93,10.73
2025-04-21,Display,Retention,South,31649,1143,3.61,1539.6,69,137,11.99,35654.54,23.16,11.24
2025-04-21,Referral,Awareness,North,101055,3524,3.49,1949.24,383,455,12.91,107495.19,55.15,4.28
2025-04-21,Meta Ads,Awareness,East,166645,5954,3.57,16203.09,1149,598,10.04,115457.92,7.13,27.1
2025-04-22,Email,Retention,North,39518,1996,5.05,3745.6,316,246,12.32,48931.44,13.06,15.23
2025-04-24,Google Ads,Retention,East,204919,6553,3.2,7039.99,707,267,4.07,66110.97,9.39,26.37
2025-04-25,Meta Ads,Consideration,North,180271,1825,1.01,1350.02,147,69,3.78,3041.4,2.25,19.57
2025-04-25,Google Ads,Retention,North,247695,7626,3.08,15606.44,906,731,9.59,109411.59,7.01,21.35
2025-04-25,Organic Search,Consideration,North,235147,15169,6.45,36151.58,2346,1896,12.5,128359.1,3.55,19.07
2025-04-28,Organic Social,Consideration,South,5138,395,7.69,1150.92,63,50,12.66,5367.58,4.66,23.02
2025-04-28,LinkedIn,Retention,South,131888,1547,1.17,2498.43,121,62,4.01,4515.54,1.81,40.3
2025-04-28,Google Ads,Consideration,East,23133,494,2.14,1348.33,74,18,3.64,5161.13,3.83,74.91
2025-04-29,Google Ads,Conversion,North,124052,6733,5.43,8140.1,931,714,10.6,94076.04,11.56,11.4
2025-04-29,LinkedIn,Consideration,South,5155,224,4.35,68.2,43,9,4.02,2979.32,43.69,7.58
2025-04-29,Google Ads,Conversion,South,104932,7432,7.08,15689.62,1394,520,7.0,65014.1,4.14,30.17
2025-04-29,Meta Ads,Conversion,North,214093,10703,5.0,22112.28,1734,145,1.35,30851.98,1.4,152.5
2025-05-01,Referral,Awareness,East,189233,6616,3.5,9390.29,993,907,13.71,228930.18,24.38,10.35
2025-05-01,LinkedIn,Consideration,South,214105,13224,6.18,23239.81,916,201,1.52,71654.77,3.08,115.62
2025-05-02,LinkedIn,Awareness,South,91120,3410,3.74,10047.9,587,434,12.73,86883.86,8.65,23.15
2025-05-03,Display,Retention,West,79567,1181,1.48,1510.39,114,79,6.69,27769.67,18.39,19.12
2025-05-04,Display,Awareness,East,224055,15619,6.97,13666.74,1077,1142,7.31,57687.83,4.22,11.97
2025-05-04,LinkedIn,Retention,North,47070,726,1.54,1686.63,64,80,11.02,3717.47,2.2,21.08
2025-05-04,Referral,Awareness,South,116032,5902,5.09,6339.62,1006,678,11.49,222399.27,35.08,9.35
2025-05-05,Organic Search,Conversion,North,57781,3866,6.69,2568.29,180,497,12.86,183113.18,71.3,5.17
2025-05-06,Meta Ads,Retention,South,247247,18198,7.36,50963.53,1858,1249,6.86,88338.39,1.73,40.8
2025-05-06,Referral,Retention,South,89754,6459,7.2,7032.8,701,528,8.17,115152.33,16.37,13.32
2025-05-06,Referral,Consideration,South,66001,4026,6.1,5168.02,107,165,4.1,50964.62,9.86,31.32
2025-05-06,Referral,Conversion,West,67292,1578,2.35,2809.34,87,152,9.63,47745.37,17.0,18.48
2025-05-07,Display,Conversion,South,178921,4161,2.33,11459.2,702,505,12.14,107319.52,9.37,22.69
2025-05-07,Meta Ads,Conversion,South,184635,12421,6.73,27761.0,2105,732,5.89,235633.0,8.49,37.92
2025-05-07,Google Ads,Retention,West,143141,1304,0.91,819.63,94,108,8.28,24637.18,30.06,7.59
2025-05-08,Organic Social,Awareness,West,121656,4245,3.49,4525.21,753,194,4.57,41531.73,9.18,23.33
2025-05-10,Organic Social,Retention,North,154765,2018,1.3,1821.26,320,243,12.04,58143.41,31.92,7.49
2025-05-10,Meta Ads,Consideration,West,164380,9295,5.65,24339.47,885,1182,12.72,264061.75,10.85,20.59
2025-05-11,Referral,Retention,West,59312,2916,4.92,8625.28,451,354,12.14,65563.68,7.6,24.37
2025-05-11,Referral,Conversion,North,177927,12125,6.81,32395.98,2340,1484,12.24,476374.56,14.7,21.83
2025-05-11,Display,Awareness,South,83002,2656,3.2,8218.02,272,140,5.27,4232.51,0.52,58.7
2025-05-11,Meta Ads,Conversion,West,164741,4067,2.47,11161.36,255,217,5.34,80427.23,7.21,51.43
2025-05-11,Referral,Awareness,East,120598,7100,5.89,22906.81,1345,577,8.13,94778.22,4.14,39.7
2025-05-13,Organic Search,Retention,West,248166,14754,5.95,38715.98,1898,1417,9.6,535803.93,13.84,27.32
2025-05-13,Referral,Conversion,East,157872,11239,7.12,18099.2,437,375,3.34,126786.26,7.01,48.26
2025-05-14,Google Ads,Conversion,West,21859,653,2.99,770.0,80,22,3.37,6749.58,8.77,35.0
2025-05-14,Google Ads,Awareness,South,184510,12487,6.77,12558.92,1374,1793,14.36,54631.25,4.35,7.0
2025-05-14,Organic Social,Retention,East,157850,11295,7.16,23358.82,1965,559,4.95,193222.5,8.27,41.79
