"Timestamp","Which city do you live, study or work in on most days?","Which area?","How old are you?","Which best describes you right now?","Which food delivery memberships do you have right now?","In the last 4 weeks, how often did you use Rapido (bike, auto or cab)?","In the last 4 weeks, how often did you use Rapido (bike, auto or cab)?","In the last 4 weeks, did you order food online for delivery at least once (any app, or directly from a restaurant)?","Swiggy: how many orders in the last 4 weeks?","Zomato: how many orders in the last 4 weeks?","Ownly (Rapido's food app, or food inside the Rapido app): how many orders in the last 4 weeks?","Any other way (Toing, Magicpin, EatSure, or directly from a restaurant): how many orders in the last 4 weeks?","Which app did you use for your most recent food delivery order?","What was the total amount you paid for it?","How many people was that order for?","Thinking about that amount: did it feel fair for what you got?","Same restaurant, same food. Which would you choose?","Same restaurant, same food, same delivery time. Which would you choose?","Same food price level and delivery time. Which would you choose?","Think of a typical order of yours. How much lower would the final amount need to be, every time, for you to make a different app your main one?","If SERVICE P were available where you are, how likely are you to try it for one of your next few orders?","And if SERVICE Q were available, how likely are you to try it for one of your next few orders?","If only one of them existed where you live, which would you start using?","In one line, what made you pick that one?","Imagine you tried the one you picked because of a ₹100 off first-order offer. Once that offer ended, would you keep using it?","How much do you agree: ""A new app's low prices usually go up once it becomes popular.""","Have you seen an option to order food inside the Rapido app?","Ownly is a food delivery app by Rapido (the bike-taxi and auto app). Before today, which of these is true for you?","Which ONE thing would most make you try Ownly for an order?","Where did you first hear about Ownly?","What's the MAIN reason you haven't opened it?","Where did you first hear about Ownly?","When you looked, what MAINLY stopped you from ordering?","Where did you first hear about Ownly?","Where have you ordered on Ownly?","When did you place your FIRST Ownly order?","How many Ownly orders did you place in the 4 weeks BEFORE the last 4 weeks (roughly 5–8 weeks ago)?","Think of your most recent Ownly order. If Ownly didn't exist, what would you most likely have done instead?","How would you feel if you could no longer use Ownly?","What ONE change would make you order more on Ownly?","Which area?","How old are you?","Which best describes you right now?","Which food delivery memberships do you have right now?","In the last 4 weeks, how often did you use Rapido (bike, auto or cab)?","In the last 4 weeks, did you order food online for delivery at least once (any app, or directly from a restaurant)?","Swiggy: how many orders in the last 4 weeks?","Zomato: how many orders in the last 4 weeks?","Ownly (Rapido's food app, or food inside the Rapido app): how many orders in the last 4 weeks?","Any other way (Toing, Magicpin, EatSure, or directly from a restaurant): how many orders in the last 4 weeks?","Which app did you use for your most recent food delivery order?","What was the total amount you paid for it?","How many people was that order for?","Thinking about that amount: did it feel fair for what you got?","Same restaurant, same food. Which would you choose?","Same restaurant, same food, same delivery time. Which would you choose?","Same food price level and delivery time. Which would you choose?","Think of a typical order of yours. How much lower would the final amount need to be, every time, for you to make a different app your main one?","If SERVICE P were available where you are, how likely are you to try it for one of your next few orders?","And if SERVICE Q were available, how likely are you to try it for one of your next few orders?","If only one of them existed where you live, which would you start using?","In one line, what made you pick that one?","Imagine you tried the one you picked because of a ₹100 off first-order offer. Once that offer ended, would you keep using it?","How much do you agree: ""A new app's low prices usually go up once it becomes popular.""","Have you seen an option to order food inside the Rapido app?","Ownly is a food delivery app by Rapido (the bike-taxi and auto app). Before today, which of these is true for you?","Which ONE thing would most make you try Ownly for an order?","Where did you first hear about Ownly?","What's the MAIN reason you haven't opened it?","Where did you first hear about Ownly?","When you looked, what MAINLY stopped you from ordering?","Where did you first hear about Ownly?","When did you place your FIRST Ownly order?","How many Ownly orders did you place in the 4 weeks BEFORE the last 4 weeks (roughly 5–8 weeks ago)?","Think of your most recent Ownly order. If Ownly didn't exist, what would you most likely have done instead?","How would you feel if you could no longer use Ownly?","If you order on Ownly less than you used to, what's the MAIN reason?","What ONE change would make you order more on Ownly?","Which city?","How old are you?","Which best describes you right now?","Which food delivery memberships do you have right now?","In the last 4 weeks, did you order food online for delivery at least once (any app, or directly from a restaurant)?","Swiggy: how many orders in the last 4 weeks?","Zomato: how many orders in the last 4 weeks?","Ownly (Rapido's food app, or food inside the Rapido app): how many orders in the last 4 weeks?","Any other way (Toing, Magicpin, EatSure, or directly from a restaurant): how many orders in the last 4 weeks?","Which app did you use for your most recent food delivery order?","What was the total amount you paid for it?","How many people was that order for?","Thinking about that amount: did it feel fair for what you got?","Have you seen an option to order food inside the Rapido app?","Ownly is a food delivery app by Rapido (the bike-taxi and auto app), available in Bengaluru and Hyderabad. Before today, which of these is true for you?","If Ownly launched in your city, which ONE thing would most make you try it?","Where did you order on Ownly?","How would you feel if you could no longer use Ownly?","Optional: Can we message you for a 10-minute chat about how you order food?"
"2026/09/16 8:55:34 PM GMT+5:30","Bengaluru","","","","","","","","","","","","","","","","","","","","","","","","","","","","","","","","","","","","","","","","Another part of Bengaluru","25–29","Working full-time","Zomato Gold","","Yes","0","56","0","0","Zomato","67","3–4 people","Yes, it felt fair","₹230 total, arrives in 45 minutes","₹230 total, late by 15+ minutes in about 3 of every 10 orders","₹230 total, has only a few of your usual restaurants","₹100 or more","Definitely not","Definitely not","I genuinely can't choose between them","Both are useless. Both of them charges total ₹200+. Fair total price is ₹50 to ₹130 and is healthy food with good quantity.","Definitely not","Agree","","I opened or browsed it, but didn't order","","","","Inside the Rapido app","Prices weren't lower than my usual app","","","","","","","","","","","","","","","","","","","","","","","","","","Zomato App gives simple Non-veg food with big quantity of meat, at much cheaper with unexpected big discount and reasonable than what you get in offline market and online app such as licious, quick commerce app even after discount. I used that to add in my own home cook healthy food. "
"2026/09/16 11:13:48 PM GMT+5:30","Hyderabad","Gachibowli","20–24","Student (postgraduate / PhD)","Swiggy One (any plan);Zomato Gold","","","Yes","0","8","0","0","Zomato","500","Just me","No, the extra charges on top were too much","₹230 total, arrives in 45 minutes","₹260 total, late by 15+ minutes in about 1 of every 10 orders","₹260 total, has most of your usual restaurants","₹75","Definitely","Probably","I genuinely can't choose between them","Order delivery time matters to me more than the money","Not sure","Agree","","I opened or browsed it, but didn't order","","","","Friends, classmates or colleagues","I was just looking around","","","","","","","","","","","","","","","","","","","","","","","","","","","","","","","","","","","","","","","","","","","","","","","","","","","","","","","","","","","","","","","","7569475494"
"2026/09/16 11:21:55 PM GMT+5:30","Hyderabad","Gachibowli","20–24","Student (postgraduate / PhD)","Swiggy One (any plan);Zomato Gold","","","Yes","0","8","0","0","Zomato","1300","2 people","No, the food itself was overpriced","₹230 total, arrives in 45 minutes","₹230 total, late by 15+ minutes in about 3 of every 10 orders","₹260 total, has most of your usual restaurants","₹50","Definitely","Probably","Service P","If there is 50 rs difference I would wait for 15 more minutes","Probably not","Agree","","I've ordered on Ownly","","","","","","Inside the Rapido app","Hyderabad only","In the last 4 weeks","0","Ordered the same on Swiggy or Zomato","Somewhat disappointed","More reliable, on-time delivery","","","","","","","","","","","","","","","","","","","","","","","","","","","","","","","","","","","","","","","","","","","","","","","","","","","","","","","","",""
"2026/09/16 11:32:34 PM GMT+5:30","Another city","","","","","","","","","","","","","","","","","","","","","","","","","","","","","","","","","","","","","","","","","","","","","","","","","","","","","","","","","","","","","","","","","","","","","","","","","","","","","","Another Indian city","20–24","Studying and working (internship / part-time)","None","Yes","2","2","3","0","Toing","239","2 people","No, the extra charges on top were too much","","I hadn't heard of Ownly","My usual restaurants being on it","","",""
"2026/09/17 12:35:33 AM GMT+5:30","Hyderabad","Gachibowli","20–24","Working full-time","Swiggy One (any plan)","","","Yes","2","1","0","0","Swiggy","700","Just me","No, the extra charges on top were too much","₹230 total, arrives in 45 minutes","₹230 total, late by 15+ minutes in about 3 of every 10 orders","₹230 total, has only a few of your usual restaurants","₹10","Definitely","Definitely","Service P","Price","Probably not","Agree","","I hadn't heard of Ownly","Seeing it's cheaper than Swiggy/Zomato for the same order","","","","","","","","","","","","","","","","","","","","","","","","","","","","","","","","","","","","","","","","","","","","","","","","","","","","","","","","","","","","","","","","","","","",""
"2026/09/17 4:58:33 AM GMT+5:30","Hyderabad","Gachibowli","20–24","Working full-time","Zomato Gold","1–3 times","1–3 times","Yes","0","1","0","3","Directly from the restaurant","700","2 people","No, the food itself was overpriced","₹230 total, arrives in 45 minutes","₹230 total, late by 15+ minutes in about 3 of every 10 orders","₹230 total, has only a few of your usual restaurants","₹50","Probably","Probably not","Service P","Money & time","Not sure","Neither","No","I hadn't heard of Ownly","A friend telling me it works well","","","","","","","","","","","","","","","","","","","","","","","","","","","","","","","","","","","","","","","","","","","","","","","","","","","","","","","","","","","","","","","","","","","",""
"2026/09/17 10:18:20 AM GMT+5:30","Hyderabad","Gachibowli","Under 20","","","","","","","","","","","","","","","","","","","","","","","","","","","","","","","","","","","","","","","","","","","","","","","","","","","","","","","","","","","","","","","","","","","","","","","","","","","","","","","","","","","","","","","","","","","","","",""
"2026/09/17 10:18:58 AM GMT+5:30","Hyderabad","Gachibowli","Under 20","","","","","","","","","","","","","","","","","","","","","","","","","","","","","","","","","","","","","","","","","","","","","","","","","","","","","","","","","","","","","","","","","","","","","","","","","","","","","","","","","","","","","","","","","","","","","",""
"2026/09/17 10:22:20 AM GMT+5:30","Hyderabad","Manikonda","30–35","Working full-time","None","Never","Never","No","","","","","","","","","₹230 total, arrives in 45 minutes","₹230 total, late by 15+ minutes in about 3 of every 10 orders","₹260 total, has most of your usual restaurants","₹100 or more","Not sure","Not sure","I genuinely can't choose between them","","Not sure","Strongly agree","No","I hadn't heard of Ownly","Seeing it's cheaper than Swiggy/Zomato for the same order","","","","","","","","","","","","","","","","","","","","","","","","","","","","","","","","","","","","","","","","","","","","","","","","","","","","","","","","","","","","","","","","","","","",""
"2026/09/17 10:22:20 AM GMT+5:30","Another city","","","","","","","","","","","","","","","","","","","","","","","","","","","","","","","","","","","","","","","","","","","","","","","","","","","","","","","","","","","","","","","","","","","","","","","","","","","","","","Another Indian city","Under 20","","","","","","","","","","","","","","","","",""
"2026/09/17 10:24:01 AM GMT+5:30","Bengaluru","","","","","","","","","","","","","","","","","","","","","","","","","","","","","","","","","","","","","","","","Another part of Bengaluru","Over 35","","","","","","","","","","","","","","","","","","","","","","","","","","","","","","","","","","","","","","","","","","","","","","","","","","","","","","",""
"2026/09/17 10:24:23 AM GMT+5:30","Bengaluru","","","","","","","","","","","","","","","","","","","","","","","","","","","","","","","","","","","","","","","","Hebbal / Yelahanka / North Bengaluru","30–35","Working full-time","None","Never","No","","","","","","","","","₹230 total, arrives in 45 minutes","₹230 total, late by 15+ minutes in about 3 of every 10 orders","₹260 total, has most of your usual restaurants","No amount, price alone wouldn't make me switch","Definitely","Not sure","Service P","Smaller bills ","Probably","Strongly agree","I don't use the Rapido app","I'd heard of it, but never opened it","","Instagram / YouTube","Just haven't got around to it","","","","","","","","","","","","","","","","","","","","","","","","","","","",""
"2026/09/17 10:24:39 AM GMT+5:30","Hyderabad","Another part of Hyderabad","Over 35","","","","","","","","","","","","","","","","","","","","","","","","","","","","","","","","","","","","","","","","","","","","","","","","","","","","","","","","","","","","","","","","","","","","","","","","","","","","","","","","","","","","","","","","","","","","","",""
"2026/09/17 10:25:41 AM GMT+5:30","Another city","","","","","","","","","","","","","","","","","","","","","","","","","","","","","","","","","","","","","","","","","","","","","","","","","","","","","","","","","","","","","","","","","","","","","","","","","","","","","","Another Indian city","Under 20","","","","","","","","","","","","","","","","",""
"2026/09/17 10:26:21 AM GMT+5:30","Another city","","","","","","","","","","","","","","","","","","","","","","","","","","","","","","","","","","","","","","","","","","","","","","","","","","","","","","","","","","","","","","","","","","","","","","","","","","","","","","Delhi NCR","Over 35","","","","","","","","","","","","","","","","",""
"2026/09/17 10:28:14 AM GMT+5:30","Hyderabad","Serilingampally / Nallagandla / Tellapur","20–24","Student (undergraduate)","Swiggy One (any plan);Zomato Gold","Never","Never","Yes","10","2","0","0","Swiggy","1867","2 people","Yes, it felt fair","₹230 total, arrives in 45 minutes","₹230 total, late by 15+ minutes in about 3 of every 10 orders","₹230 total, has only a few of your usual restaurants","No amount, price alone wouldn't make me switch","Probably","Not sure","Service P","","Not sure","Agree","No","I opened or browsed it, but didn't order","","","","News, LinkedIn or Reddit","I was just looking around","","","","","","","","","","","","","","","","","","","","","","","","","","","","","","","","","","","","","","","","","","","","","","","","","","","","","","","","","","","","","","","",""
"2026/09/17 10:29:09 AM GMT+5:30","Another city","","","","","","","","","","","","","","","","","","","","","","","","","","","","","","","","","","","","","","","","","","","","","","","","","","","","","","","","","","","","","","","","","","","","","","","","","","","","","","Chennai","Over 35","","","","","","","","","","","","","","","","",""
"2026/09/17 10:36:25 AM GMT+5:30","Hyderabad","Gachibowli","Under 20","","","","","","","","","","","","","","","","","","","","","","","","","","","","","","","","","","","","","","","","","","","","","","","","","","","","","","","","","","","","","","","","","","","","","","","","","","","","","","","","","","","","","","","","","","","","","",""
"2026/09/17 10:36:28 AM GMT+5:30","Hyderabad","Another part of Hyderabad","30–35","Working full-time","None","Never","Never","No","","","","","","","","","₹260 total, arrives in 30 minutes","₹230 total, late by 15+ minutes in about 3 of every 10 orders","₹230 total, has only a few of your usual restaurants","₹10","Definitely not","Definitely not","Service Q","","Definitely not","Strongly disagree","No","I hadn't heard of Ownly","Paying by cash on delivery or meal card (Pluxee / Zeta)","","","","","","","","","","","","","","","","","","","","","","","","","","","","","","","","","","","","","","","","","","","","","","","","","","","","","","","","","","","","","","","","","","","","Yes"
"2026/09/17 10:38:37 AM GMT+5:30","Bengaluru","","","","","","","","","","","","","","","","","","","","","","","","","","","","","","","","","","","","","","","","Electronic City / Bommanahalli","20–24","Working full-time","None","1–3 times","Yes","3","0","2","0","Swiggy","250","2 people","Yes, it felt fair","₹260 total, arrives in 30 minutes","₹260 total, late by 15+ minutes in about 1 of every 10 orders","₹230 total, has only a few of your usual restaurants","₹10","Probably","Probably not","Service P","","Not sure","Strongly agree","Yes","I've ordered on Ownly","","","","","","Inside the Rapido app","In the last 4 weeks","2","Ordered the same on Swiggy or Zomato","Somewhat disappointed","Offers ended","More offers and coupons","","","","","","","","","","","","","","","","","","",""
"2026/09/17 10:46:18 AM GMT+5:30","Bengaluru","","","","","","","","","","","","","","","","","","","","","","","","","","","","","","","","","","","","","","","","Electronic City / Bommanahalli","20–24","Working full-time","Swiggy One (any plan);Zomato Gold","1–3 times","Yes","2","5","1","3","Zomato","1317","Just me","No, the food itself was overpriced","₹230 total, arrives in 45 minutes","₹260 total, late by 15+ minutes in about 1 of every 10 orders","₹230 total, has only a few of your usual restaurants","₹100 or more","Probably","Probably","Service P","May be the clear coat break up ","Probably not","Strongly agree","Yes","I've ordered on Ownly","","","","","","Inside the Rapido app","1–3 months ago","1","Cooked, or eaten at home / mess / hostel","Not disappointed","Late or failed deliveries","Faster delivery","","","","","","","","","","","","","","","","","","",""
"2026/09/17 10:47:26 AM GMT+5:30","Hyderabad","Gachibowli","25–29","Working full-time","Swiggy One (any plan);Zomato Gold","1–3 times","1–3 times","Yes","2","3","0","0","Zomato","1500","2 people","Yes, it felt fair","₹230 total, arrives in 45 minutes","₹260 total, late by 15+ minutes in about 1 of every 10 orders","₹260 total, has most of your usual restaurants","₹75","Definitely","Definitely","I genuinely can't choose between them","","Probably","Agree","Not sure","I hadn't heard of Ownly","A friend telling me it works well","","","","","","","","","","","","","","","","","","","","","","","","","","","","","","","","","","","","","","","","","","","","","","","","","","","","","","","","","","","","","","","","","","","",""
"2026/09/17 10:49:36 AM GMT+5:30","Hyderabad","Gachibowli","20–24","Student (postgraduate / PhD)","Swiggy One (any plan);Zomato Gold","1–3 times","1–3 times","Yes","3","12","0","0","Zomato","220","Just me","Yes, it felt fair","₹230 total, arrives in 45 minutes","₹230 total, late by 15+ minutes in about 3 of every 10 orders","₹260 total, has most of your usual restaurants","₹20","Probably","Definitely","Service Q","","Not sure","Strongly agree","No","I hadn't heard of Ownly","Seeing it's cheaper than Swiggy/Zomato for the same order","","","","","","","","","","","","","","","","","","","","","","","","","","","","","","","","","","","","","","","","","","","","","","","","","","","","","","","","","","","","","","","","","","","",""
"2026/09/17 10:50:06 AM GMT+5:30","Bengaluru","","","","","","","","","","","","","","","","","","","","","","","","","","","","","","","","","","","","","","","","Whitefield / Marathahalli / Bellandur / Sarjapur Road","20–24","Studying and working (internship / part-time)","Swiggy One (any plan)","Several times a week","Yes","5","0","0","2","Swiggy","300","2 people","No, the extra charges on top were too much","₹230 total, arrives in 45 minutes","₹230 total, late by 15+ minutes in about 3 of every 10 orders","₹260 total, has most of your usual restaurants","₹50","Not sure","Not sure","Service P","","Probably","Agree","Not sure","I'd heard of it, but never opened it","","Instagram / YouTube","Just haven't got around to it","","","","","","","","","","","","","","","","","","","","","","","","","","","",""
"2026/09/17 10:51:32 AM GMT+5:30","Hyderabad","Financial District / Nanakramguda","Over 35","","","","","","","","","","","","","","","","","","","","","","","","","","","","","","","","","","","","","","","","","","","","","","","","","","","","","","","","","","","","","","","","","","","","","","","","","","","","","","","","","","","","","","","","","","","","","",""
"2026/09/17 10:57:56 AM GMT+5:30","Another city","","","","","","","","","","","","","","","","","","","","","","","","","","","","","","","","","","","","","","","","","","","","","","","","","","","","","","","","","","","","","","","","","","","","","","","","","","","","","","Another Indian city","20–24","Student (postgraduate / PhD)","Swiggy One (any plan);Zomato Gold","Yes","1","0","0","1","Swiggy","180","2 people","Yes, it felt fair","I don't use the Rapido app","I hadn't heard of Ownly","Seeing it's cheaper than Swiggy/Zomato for the same order","","",""
"2026/09/17 11:03:06 AM GMT+5:30","Bengaluru","","","","","","","","","","","","","","","","","","","","","","","","","","","","","","","","","","","","","","","","Hebbal / Yelahanka / North Bengaluru","20–24","Studying and working (internship / part-time)","Swiggy One (any plan)","1–3 times","Yes","2","0","0","0","Swiggy","460","2 people","I didn't really look at the breakdown","₹260 total, arrives in 30 minutes","₹260 total, late by 15+ minutes in about 1 of every 10 orders","₹230 total, has only a few of your usual restaurants","₹10","Not sure","Not sure","I genuinely can't choose between them","","Not sure","Neither","No","I opened or browsed it, but didn't order","","","","Inside the Rapido app","A coupon on my usual app made that cheaper","","","","","","","","","","","","","","","","","","","","","","","","","",""
"2026/09/17 11:06:44 AM GMT+5:30","Another city","","","","","","","","","","","","","","","","","","","","","","","","","","","","","","","","","","","","","","","","","","","","","","","","","","","","","","","","","","","","","","","","","","","","","","","","","","","","","","Another Indian city","20–24","Student (undergraduate)","Zomato Gold","Yes","0","3","0","0","Zomato","749","3–4 people","Yes, it felt fair","No","I hadn't heard of Ownly","Seeing it's cheaper than Swiggy/Zomato for the same order","","",""
"2026/09/17 11:08:25 AM GMT+5:30","Another city","","","","","","","","","","","","","","","","","","","","","","","","","","","","","","","","","","","","","","","","","","","","","","","","","","","","","","","","","","","","","","","","","","","","","","","","","","","","","","Another Indian city","20–24","Working full-time","Swiggy One (any plan)","Yes","5","1","0","0","Swiggy","0","Just me","Yes, it felt fair","No","I'd heard of it","Paying by cash on delivery or meal card (Pluxee / Zeta)","","",""
"2026/09/17 11:10:06 AM GMT+5:30","Another city","","","","","","","","","","","","","","","","","","","","","","","","","","","","","","","","","","","","","","","","","","","","","","","","","","","","","","","","","","","","","","","","","","","","","","","","","","","","","","Chennai","20–24","Working full-time","None","Yes","0","1","0","2","Zomato","264","Just me","No, the extra charges on top were too much","No","I hadn't heard of Ownly","Seeing it's cheaper than Swiggy/Zomato for the same order","","","Sorry No, This app yet to be launched in the city I'm leaving."
"2026/09/17 11:11:48 AM GMT+5:30","Hyderabad","Gachibowli","Under 20","","","","","","","","","","","","","","","","","","","","","","","","","","","","","","","","","","","","","","","","","","","","","","","","","","","","","","","","","","","","","","","","","","","","","","","","","","","","","","","","","","","","","","","","","","","","","",""
"2026/09/17 11:12:11 AM GMT+5:30","Hyderabad","Gachibowli","Under 20","","","","","","","","","","","","","","","","","","","","","","","","","","","","","","","","","","","","","","","","","","","","","","","","","","","","","","","","","","","","","","","","","","","","","","","","","","","","","","","","","","","","","","","","","","","","","",""
"2026/09/17 11:15:33 AM GMT+5:30","Another city","","","","","","","","","","","","","","","","","","","","","","","","","","","","","","","","","","","","","","","","","","","","","","","","","","","","","","","","","","","","","","","","","","","","","","","","","","","","","","Another Indian city","20–24","Student (undergraduate)","Swiggy One (any plan);Zomato Gold","Yes","5","20","0","0","Zomato","212","Just me","Yes, it felt fair","No","I've ordered on Ownly (e.g. while in Bengaluru or Hyderabad)","","Bengaluru","Not disappointed","8830207223"
"2026/09/17 11:15:58 AM GMT+5:30","Hyderabad","Gachibowli","20–24","Student (postgraduate / PhD)","Swiggy One (any plan);Zomato Gold","Several times a week","Several times a week","Yes","0","5","0","0","Zomato","535","2 people","Yes, it felt fair","₹230 total, arrives in 45 minutes","₹230 total, late by 15+ minutes in about 3 of every 10 orders","₹260 total, has most of your usual restaurants","₹30","Probably","Definitely","Service Q","The services","Probably","Agree","Not sure","I hadn't heard of Ownly","A promise of a quick refund if an order goes wrong","","","","","","","","","","","","","","","","","","","","","","","","","","","","","","","","","","","","","","","","","","","","","","","","","","","","","","","","","","","","","","","","","","","",""
"2026/09/17 11:17:46 AM GMT+5:30","Bengaluru","","","","","","","","","","","","","","","","","","","","","","","","","","","","","","","","","","","","","","","","Whitefield / Marathahalli / Bellandur / Sarjapur Road","Over 35","","","","","","","","","","","","","","","","","","","","","","","","","","","","","","","","","","","","","","","","","","","","","","","","","","","","","","",""
"2026/09/17 11:25:22 AM GMT+5:30","Hyderabad","Gachibowli","20–24","Student (undergraduate)","Swiggy One (any plan);Zomato Gold","Never","Never","Yes","17","2","0","0","Swiggy","153","Just me","Yes, it felt fair","₹230 total, arrives in 45 minutes","₹260 total, late by 15+ minutes in about 1 of every 10 orders","₹230 total, has only a few of your usual restaurants","₹10","Probably","Probably","Service P","Service Q is quite similar to Swiggy already","Not sure","Agree","Yes","I opened or browsed it, but didn't order","","","","Inside the Rapido app","I was just looking around","","","","","","","","","","","","","","","","","","","","","","","","","","","","","","","","","","","","","","","","","","","","","","","","","","","","","","","","","","","","","","","",""
"2026/09/17 11:27:29 AM GMT+5:30","Hyderabad","Gachibowli","Under 20","","","","","","","","","","","","","","","","","","","","","","","","","","","","","","","","","","","","","","","","","","","","","","","","","","","","","","","","","","","","","","","","","","","","","","","","","","","","","","","","","","","","","","","","","","","","","",""
"2026/09/17 11:29:26 AM GMT+5:30","Hyderabad","Gachibowli","20–24","Student (postgraduate / PhD)","Swiggy One (any plan)","1–3 times","1–3 times","Yes","10","0","0","0","Swiggy","1000","Just me","No, the extra charges on top were too much","₹230 total, arrives in 45 minutes","₹230 total, late by 15+ minutes in about 3 of every 10 orders","₹260 total, has most of your usual restaurants","₹100 or more","Probably","Probably","Service P","","Not sure","Agree","No","I hadn't heard of Ownly","A discount on my first order","","","","","","","","","","","","","","","","","","","","","","","","","","","","","","","","","","","","","","","","","","","","","","","","","","","","","","","","","","","","","","","","","","","",""
"2026/09/17 11:31:10 AM GMT+5:30","Hyderabad","Gachibowli","Under 20","","","","","","","","","","","","","","","","","","","","","","","","","","","","","","","","","","","","","","","","","","","","","","","","","","","","","","","","","","","","","","","","","","","","","","","","","","","","","","","","","","","","","","","","","","","","","",""
"2026/09/17 11:32:21 AM GMT+5:30","Another city","","","","","","","","","","","","","","","","","","","","","","","","","","","","","","","","","","","","","","","","","","","","","","","","","","","","","","","","","","","","","","","","","","","","","","","","","","","","","","Another Indian city","20–24","Looking for a job","Swiggy One (any plan)","Yes","4","0","0","0","Swiggy","148","Just me","Yes, it felt fair","I don't use the Rapido app","I'd heard of it","Seeing it's cheaper than Swiggy/Zomato for the same order","","",""
"2026/09/17 11:33:23 AM GMT+5:30","Hyderabad","Gachibowli","20–24","Student (undergraduate)","Swiggy One (any plan)","1–3 times","1–3 times","Yes","2","0","0","0","Swiggy","356","Just me","I didn't really look at the breakdown","₹230 total, arrives in 45 minutes","₹230 total, late by 15+ minutes in about 3 of every 10 orders","₹260 total, has most of your usual restaurants","₹75","Probably","Probably","Service P","Cheaper prices","Probably not","Strongly agree","No","I hadn't heard of Ownly","Seeing it's cheaper than Swiggy/Zomato for the same order","","","","","","","","","","","","","","","","","","","","","","","","","","","","","","","","","","","","","","","","","","","","","","","","","","","","","","","","","","","","","","","","","","","",""
"2026/09/17 11:39:05 AM GMT+5:30","Hyderabad","Gachibowli","Over 35","","","","","","","","","","","","","","","","","","","","","","","","","","","","","","","","","","","","","","","","","","","","","","","","","","","","","","","","","","","","","","","","","","","","","","","","","","","","","","","","","","","","","","","","","","","","","",""
"2026/09/17 11:44:57 AM GMT+5:30","Hyderabad","Serilingampally / Nallagandla / Tellapur","Under 20","","","","","","","","","","","","","","","","","","","","","","","","","","","","","","","","","","","","","","","","","","","","","","","","","","","","","","","","","","","","","","","","","","","","","","","","","","","","","","","","","","","","","","","","","","","","","",""
"2026/09/17 11:47:41 AM GMT+5:30","Hyderabad","Gachibowli","20–24","Working full-time","None","Several times a week","Several times a week","Yes","4","0","0","1","Swiggy","1000","Just me","No, the extra charges on top were too much","₹230 total, arrives in 45 minutes","₹230 total, late by 15+ minutes in about 3 of every 10 orders","₹260 total, has most of your usual restaurants","No amount, price alone wouldn't make me switch","Probably not","Probably","Service Q","","Definitely not","Agree","No","I hadn't heard of Ownly","A friend telling me it works well","","","","","","","","","","","","","","","","","","","","","","","","","","","","","","","","","","","","","","","","","","","","","","","","","","","","","","","","","","","","","","","","","","","",""
"2026/09/17 11:52:24 AM GMT+5:30","Hyderabad","Gachibowli","20–24","Student (postgraduate / PhD)","None","1–3 times","1–3 times","No","","","","","","","","","₹230 total, arrives in 45 minutes","₹230 total, late by 15+ minutes in about 3 of every 10 orders","₹230 total, has only a few of your usual restaurants","₹50","Definitely","Probably","Service P","","Probably","Agree","No","I hadn't heard of Ownly","A friend telling me it works well","","","","","","","","","","","","","","","","","","","","","","","","","","","","","","","","","","","","","","","","","","","","","","","","","","","","","","","","","","","","","","","","","","","",""
"2026/09/17 11:57:02 AM GMT+5:30","Bengaluru","","","","","","","","","","","","","","","","","","","","","","","","","","","","","","","","","","","","","","","","Koramangala / HSR Layout / BTM Layout","Under 20","","","","","","","","","","","","","","","","","","","","","","","","","","","","","","","","","","","","","","","","","","","","","","","","","","","","","","",""
"2026/09/17 12:01:07 PM GMT+5:30","Hyderabad","Gachibowli","20–24","Student (undergraduate)","Swiggy One (any plan);Zomato Gold","1–3 times","1–3 times","Yes","6","2","0","1","Swiggy","543","2 people","Yes, it felt fair","₹230 total, arrives in 45 minutes","₹230 total, late by 15+ minutes in about 3 of every 10 orders","₹260 total, has most of your usual restaurants","₹30","Probably","Probably","I genuinely can't choose between them","","Not sure","Strongly agree","Not sure","I've ordered on Ownly","","","","","","Friends, classmates or colleagues","Both","More than 4 weeks ago","2","Ordered the same on Swiggy or Zomato","Not disappointed","More restaurants","","","","","","","","","","","","","","","","","","","","","","","","","","","","","","","","","","","","","","","","","","","","","","","","","","","","","","","","",""
"2026/09/17 12:19:26 PM GMT+5:30","Hyderabad","Another part of Hyderabad","25–29","Working full-time","Zomato Gold","About once a week","About once a week","No","","","","","","","","","₹230 total, arrives in 45 minutes","₹230 total, late by 15+ minutes in about 3 of every 10 orders","₹260 total, has most of your usual restaurants","Don't know","Definitely","Probably","Service P","","Probably","Strongly agree","Yes","I'd heard of it, but never opened it","","Inside the Rapido app","Just haven't got around to it","","","","","","","","","","","","","","","","","","","","","","","","","","","","","","","","","","","","","","","","","","","","","","","","","","","","","","","","","","","","","","","","","",""
"2026/09/17 12:19:46 PM GMT+5:30","Hyderabad","Gachibowli","20–24","Student (undergraduate)","Swiggy One (any plan);Zomato Gold","Several times a week","Several times a week","Yes","18","1","0","1","Swiggy","306","Just me","I didn't really look at the breakdown","₹230 total, arrives in 45 minutes","₹230 total, late by 15+ minutes in about 3 of every 10 orders","₹260 total, has most of your usual restaurants","₹30","Definitely","Not sure","Service P","Delivery fee ","Not sure","Strongly agree","No","I'd heard of it, but never opened it","","Friends, classmates or colleagues","Just haven't got around to it","","","","","","","","","","","","","","","","","","","","","","","","","","","","","","","","","","","","","","","","","","","","","","","","","","","","","","","","","","","","","","","","","","Nope "
"2026/09/17 12:37:49 PM GMT+5:30","Another city","","","","","","","","","","","","","","","","","","","","","","","","","","","","","","","","","","","","","","","","","","","","","","","","","","","","","","","","","","","","","","","","","","","","","","","","","","","","","","Another Indian city","Under 20","","","","","","","","","","","","","","","","",""
"2026/09/17 12:53:55 PM GMT+5:30","Hyderabad","Gachibowli","25–29","Student (postgraduate / PhD)","Swiggy One (any plan);Zomato Gold;Another food delivery membership","1–3 times","1–3 times","Yes","5","0","0","0","Swiggy","600","Just me","No, the extra charges on top were too much","₹230 total, arrives in 45 minutes","₹230 total, late by 15+ minutes in about 3 of every 10 orders","₹260 total, has most of your usual restaurants","₹50","Probably","Definitely","Service Q","Accountability ","Probably not","Agree","No","I hadn't heard of Ownly","A promise of a quick refund if an order goes wrong","","","","","","","","","","","","","","","","","","","","","","","","","","","","","","","","","","","","","","","","","","","","","","","","","","","","","","","","","","","","","","","","","","","","6303725972"
"2026/09/17 1:14:37 PM GMT+5:30","Another city","","","","","","","","","","","","","","","","","","","","","","","","","","","","","","","","","","","","","","","","","","","","","","","","","","","","","","","","","","","","","","","","","","","","","","","","","","","","","","Another Indian city","20–24","Student (undergraduate)","None","No","","","","","","","","","No","I hadn't heard of Ownly","Seeing it's cheaper than Swiggy/Zomato for the same order","","","I don't order food much, so I don't think am a suitable fit for it."
"2026/09/17 1:20:41 PM GMT+5:30","Hyderabad","Gachibowli","20–24","Student (postgraduate / PhD)","Swiggy One (any plan);Zomato Gold;Another food delivery membership","Never","Never","Yes","10","5","0","0","Zomato","169","Just me","Yes, it felt fair","₹230 total, arrives in 45 minutes","₹230 total, late by 15+ minutes in about 3 of every 10 orders","₹230 total, has only a few of your usual restaurants","₹30","Probably","Definitely","Service Q","","Definitely","Agree","No","I hadn't heard of Ownly","A discount on my first order","","","","","","","","","","","","","","","","","","","","","","","","","","","","","","","","","","","","","","","","","","","","","","","","","","","","","","","","","","","","","","","","","","","",""
"2026/09/17 1:24:11 PM GMT+5:30","Another city","","","","","","","","","","","","","","","","","","","","","","","","","","","","","","","","","","","","","","","","","","","","","","","","","","","","","","","","","","","","","","","","","","","","","","","","","","","","","","Chennai","20–24","Student (undergraduate)","None","Yes","0","0","0","2","Other","300","Just me","Yes, it felt fair","No","I hadn't heard of Ownly","Seeing it's cheaper than Swiggy/Zomato for the same order","","","No"
"2026/09/17 1:38:52 PM GMT+5:30","Hyderabad","Gachibowli","20–24","Student (postgraduate / PhD)","Zomato Gold","Several times a week","Several times a week","Yes","0","5","0","0","Zomato","322","2 people","Yes, it felt fair","₹230 total, arrives in 45 minutes","₹230 total, late by 15+ minutes in about 3 of every 10 orders","₹260 total, has most of your usual restaurants","Don't know","Not sure","Probably","I genuinely can't choose between them","Too good to be true. ","Not sure","Neither","No","I hadn't heard of Ownly","My usual restaurants being on it","","","","","","","","","","","","","","","","","","","","","","","","","","","","","","","","","","","","","","","","","","","","","","","","","","","","","","","","","","","","","","","","","","","",""
"2026/09/17 2:06:46 PM GMT+5:30","Hyderabad","Gachibowli","20–24","Student (undergraduate)","Swiggy One (any plan)","Several times a week","Several times a week","Yes","1","0","0","0","Swiggy","318","Just me","No, the extra charges on top were too much","₹230 total, arrives in 45 minutes","₹260 total, late by 15+ minutes in about 1 of every 10 orders","₹260 total, has most of your usual restaurants","₹20","Definitely not","Definitely not","I genuinely can't choose between them","I don't know ","Probably not","Agree","Not sure","I hadn't heard of Ownly","A promise of a quick refund if an order goes wrong","","","","","","","","","","","","","","","","","","","","","","","","","","","","","","","","","","","","","","","","","","","","","","","","","","","","","","","","","","","","","","","","","","","","Ok"
"2026/09/17 2:15:34 PM GMT+5:30","Hyderabad","Another part of Hyderabad","Under 20","","","","","","","","","","","","","","","","","","","","","","","","","","","","","","","","","","","","","","","","","","","","","","","","","","","","","","","","","","","","","","","","","","","","","","","","","","","","","","","","","","","","","","","","","","","","","",""
"2026/09/17 2:20:29 PM GMT+5:30","Another city","","","","","","","","","","","","","","","","","","","","","","","","","","","","","","","","","","","","","","","","","","","","","","","","","","","","","","","","","","","","","","","","","","","","","","","","","","","","","","Another Indian city","Under 20","","","","","","","","","","","","","","","","",""
"2026/09/17 2:31:28 PM GMT+5:30","Hyderabad","Financial District / Nanakramguda","30–35","Other","Swiggy One (any plan);Zomato Gold","Never","Never","Yes","6","5","0","0","Swiggy","800","2 people","No, the extra charges on top were too much","₹230 total, arrives in 45 minutes","₹230 total, late by 15+ minutes in about 3 of every 10 orders","₹260 total, has most of your usual restaurants","₹100 or more","Definitely","Probably","Service P","I am ready to pay for the rider and the app can charge it from the restaurants","Not sure","Strongly agree","No","I'd heard of it, but never opened it","","News, LinkedIn or Reddit","Just haven't got around to it","","","","","","","","","","","","","","","","","","","","","","","","","","","","","","","","","","","","","","","","","","","","","","","","","","","","","","","","","","","","","","","","","",""
"2026/09/17 2:55:36 PM GMT+5:30","Hyderabad","Another part of Hyderabad","20–24","Looking for a job","Swiggy One (any plan)","1–3 times","1–3 times","Yes","1","0","0","0","Swiggy","250","2 people","No, the extra charges on top were too much","₹230 total, arrives in 45 minutes","₹230 total, late by 15+ minutes in about 3 of every 10 orders","₹260 total, has most of your usual restaurants","Don't know","Not sure","Not sure","Service Q","","Probably not","Agree","Not sure","I hadn't heard of Ownly","A friend telling me it works well","","","","","","","","","","","","","","","","","","","","","","","","","","","","","","","","","","","","","","","","","","","","","","","","","","","","","","","","","","","","","","","","","","","",""
"2026/09/17 4:16:29 PM GMT+5:30","Hyderabad","Gachibowli","Under 20","","","","","","","","","","","","","","","","","","","","","","","","","","","","","","","","","","","","","","","","","","","","","","","","","","","","","","","","","","","","","","","","","","","","","","","","","","","","","","","","","","","","","","","","","","","","","",""
"2026/09/17 5:04:35 PM GMT+5:30","Hyderabad","Gachibowli","20–24","Student (undergraduate)","Swiggy One (any plan)","1–3 times","1–3 times","Yes","4","0","0","0","Swiggy","800 ","2 people","No, the extra charges on top were too much","₹230 total, arrives in 45 minutes","₹230 total, late by 15+ minutes in about 3 of every 10 orders","₹260 total, has most of your usual restaurants","₹100 or more","Probably","Definitely not","Service P","Service P has more all the restaurants even the common ones not only tiffins and things like that as I usually only get to order food from outside on special days and very occasionally so I always order smtg fun to have but the packaging delivery and all other fees make it hard to buy even a normal burger ","Not sure","Strongly agree","No","I hadn't heard of Ownly","Seeing it's cheaper than Swiggy/Zomato for the same order","","","","","","","","","","","","","","","","","","","","","","","","","","","","","","","","","","","","","","","","","","","","","","","","","","","","","","","","","","","","","","","","","","","","No"
"2026/09/17 5:10:12 PM GMT+5:30","Hyderabad","Another part of Hyderabad","Under 20","","","","","","","","","","","","","","","","","","","","","","","","","","","","","","","","","","","","","","","","","","","","","","","","","","","","","","","","","","","","","","","","","","","","","","","","","","","","","","","","","","","","","","","","","","","","","",""
"2026/09/17 6:27:51 PM GMT+5:30","Hyderabad","Gachibowli","25–29","Student (postgraduate / PhD)","Swiggy One (any plan)","Several times a week","Several times a week","Yes","9","0","0","2","Other","176","Just me","Yes, it felt fair","₹230 total, arrives in 45 minutes","₹260 total, late by 15+ minutes in about 1 of every 10 orders","₹260 total, has most of your usual restaurants","₹100 or more","Not sure","Probably","I genuinely can't choose between them","Both seem like good options ","Probably","Agree","No","I hadn't heard of Ownly","A promise of a quick refund if an order goes wrong","","","","","","","","","","","","","","","","","","","","","","","","","","","","","","","","","","","","","","","","","","","","","","","","","","","","","","","","","","","","","","","","","","","",""
"2026/09/17 6:39:51 PM GMT+5:30","Hyderabad","Gachibowli","20–24","Student (postgraduate / PhD)","None","About once a week","1–3 times","No","","","","","","","","","₹230 total, arrives in 45 minutes","₹230 total, late by 15+ minutes in about 3 of every 10 orders","₹230 total, has only a few of your usual restaurants","₹30","Probably","Probably","Service Q","Local trust, money back guarantee ","Probably","Disagree","No","I'd heard of it, but never opened it","","Friends, classmates or colleagues","Just haven't got around to it","","","","","","","","","","","","","","","","","","","","","","","","","","","","","","","","","","","","","","","","","","","","","","","","","","","","","","","","","","","","","","","","","","8126866461"
"2026/09/17 8:50:06 PM GMT+5:30","Another city","","","","","","","","","","","","","","","","","","","","","","","","","","","","","","","","","","","","","","","","","","","","","","","","","","","","","","","","","","","","","","","","","","","","","","","","","","","","","","Another Indian city","20–24","Student (undergraduate)","Swiggy One (any plan)","Yes","10","0","0","0","Swiggy","340","Just me","No, the extra charges on top were too much","No","I'd heard of it","A discount on my first order","","",""
"2026/09/17 9:15:34 PM GMT+5:30","Another city","","","","","","","","","","","","","","","","","","","","","","","","","","","","","","","","","","","","","","","","","","","","","","","","","","","","","","","","","","","","","","","","","","","","","","","","","","","","","","Another Indian city","20–24","Student (undergraduate)","None","No","","","","","","","","","Not sure","I hadn't heard of Ownly","Seeing it's cheaper than Swiggy/Zomato for the same order","","",""
"2026/09/17 9:17:12 PM GMT+5:30","Another city","","","","","","","","","","","","","","","","","","","","","","","","","","","","","","","","","","","","","","","","","","","","","","","","","","","","","","","","","","","","","","","","","","","","","","","","","","","","","","Another Indian city","20–24","Student (undergraduate)","None","No","","","","","","","","","No","I'd heard of it","A promise of a quick refund if an order goes wrong","","",""
"2026/09/17 9:32:51 PM GMT+5:30","Another city","","","","","","","","","","","","","","","","","","","","","","","","","","","","","","","","","","","","","","","","","","","","","","","","","","","","","","","","","","","","","","","","","","","","","","","","","","","","","","Another Indian city","20–24","Student (undergraduate)","Swiggy One (any plan);Zomato Gold","No","","","","","","","","","No","I hadn't heard of Ownly","A discount on my first order","","",""
"2026/09/17 9:42:39 PM GMT+5:30","Another city","","","","","","","","","","","","","","","","","","","","","","","","","","","","","","","","","","","","","","","","","","","","","","","","","","","","","","","","","","","","","","","","","","","","","","","","","","","","","","Another Indian city","20–24","Student (undergraduate)","None","No","","","","","","","","","Not sure","I hadn't heard of Ownly","A promise of a quick refund if an order goes wrong","","",""
"2026/09/18 3:20:11 PM GMT+5:30","Another city","","","","","","","","","","","","","","","","","","","","","","","","","","","","","","","","","","","","","","","","","","","","","","","","","","","","","","","","","","","","","","","","","","","","","","","","","","","","","","Another Indian city","Over 35","","","","","","","","","","","","","","","","",""
"2026/09/18 3:31:43 PM GMT+5:30","Bengaluru","","","","","","","","","","","","","","","","","","","","","","","","","","","","","","","","","","","","","","","","Whitefield / Marathahalli / Bellandur / Sarjapur Road","25–29","Working full-time","Swiggy One (any plan)","About once a week","Yes","10","0","0","0","Swiggy","3000","Just me","No, the extra charges on top were too much","₹230 total, arrives in 45 minutes","₹230 total, late by 15+ minutes in about 3 of every 10 orders","₹230 total, has only a few of your usual restaurants","₹10","Not sure","Probably not","Service P","","Not sure","Neither","Not sure","I'd heard of it, but never opened it","","Don't remember","Just haven't got around to it","","","","","","","","","","","","","","","","","","","","","","","","","","","",""
"2026/09/18 3:39:17 PM GMT+5:30","Bengaluru","","","","","","","","","","","","","","","","","","","","","","","","","","","","","","","","","","","","","","","","Whitefield / Marathahalli / Bellandur / Sarjapur Road","30–35","Working full-time","Zomato Gold","About once a week","Yes","0","8","0","0","Zomato","1038","3–4 people","Yes, it felt fair","₹260 total, arrives in 30 minutes","₹230 total, late by 15+ minutes in about 3 of every 10 orders","₹260 total, has most of your usual restaurants","₹100 or more","Not sure","Not sure","I genuinely can't choose between them","","Not sure","Neither","No","I hadn't heard of Ownly","Nothing, I'm happy with how I order now","","","","","","","","","","","","","","","","","","","","","","","","","","","","","",""
"2026/09/18 3:43:55 PM GMT+5:30","Hyderabad","Gachibowli","Under 20","","","","","","","","","","","","","","","","","","","","","","","","","","","","","","","","","","","","","","","","","","","","","","","","","","","","","","","","","","","","","","","","","","","","","","","","","","","","","","","","","","","","","","","","","","","","","",""
"2026/09/18 3:44:39 PM GMT+5:30","Hyderabad","Gachibowli","Under 20","","","","","","","","","","","","","","","","","","","","","","","","","","","","","","","","","","","","","","","","","","","","","","","","","","","","","","","","","","","","","","","","","","","","","","","","","","","","","","","","","","","","","","","","","","","","","",""
"2026/09/18 3:44:57 PM GMT+5:30","Hyderabad","Gachibowli","Under 20","","","","","","","","","","","","","","","","","","","","","","","","","","","","","","","","","","","","","","","","","","","","","","","","","","","","","","","","","","","","","","","","","","","","","","","","","","","","","","","","","","","","","","","","","","","","","",""
"2026/09/18 3:45:02 PM GMT+5:30","Hyderabad","Narsingi / Kokapet","20–24","Student (undergraduate)","None","Never","Never","No","","","","","","","","","₹260 total, arrives in 30 minutes","₹230 total, late by 15+ minutes in about 3 of every 10 orders","₹260 total, has most of your usual restaurants","No amount, price alone wouldn't make me switch","Probably","Probably","Service P","","Definitely","Strongly agree","I don't use the Rapido app","I'd heard of it, but never opened it","","Friends, classmates or colleagues","Just haven't got around to it","","","","","","","","","","","","","","","","","","","","","","","","","","","","","","","","","","","","","","","","","","","","","","","","","","","","","","","","","","","","","","","","","",""
"2026/09/18 3:49:58 PM GMT+5:30","Hyderabad","Gachibowli","Under 20","","","","","","","","","","","","","","","","","","","","","","","","","","","","","","","","","","","","","","","","","","","","","","","","","","","","","","","","","","","","","","","","","","","","","","","","","","","","","","","","","","","","","","","","","","","","","",""
"2026/09/18 3:50:49 PM GMT+5:30","Hyderabad","Gachibowli","20–24","Student (undergraduate)","Zomato Gold","Never","Never","Yes","2","1","0","0","Zomato","200","Just me","No, the extra charges on top were too much","₹230 total, arrives in 45 minutes","₹230 total, late by 15+ minutes in about 3 of every 10 orders","₹230 total, has only a few of your usual restaurants","₹50","Probably","Probably","I genuinely can't choose between them","","Probably not","Agree","No","I hadn't heard of Ownly","Seeing it's cheaper than Swiggy/Zomato for the same order","","","","","","","","","","","","","","","","","","","","","","","","","","","","","","","","","","","","","","","","","","","","","","","","","","","","","","","","","","","","","","","","","","","",""
"2026/09/18 3:51:04 PM GMT+5:30","Hyderabad","Gachibowli","20–24","Student (undergraduate)","None","Never","Never","Yes","0","20","0","0","Zomato","2500","Just me","No, the food itself was overpriced","₹230 total, arrives in 45 minutes","₹230 total, late by 15+ minutes in about 3 of every 10 orders","₹260 total, has most of your usual restaurants","₹10","Definitely not","Definitely not","I genuinely can't choose between them","","Definitely not","Strongly disagree","Yes","I hadn't heard of Ownly","A promise of a quick refund if an order goes wrong","","","","","","","","","","","","","","","","","","","","","","","","","","","","","","","","","","","","","","","","","","","","","","","","","","","","","","","","","","","","","","","","","","","",""
"2026/09/18 3:51:18 PM GMT+5:30","Hyderabad","Gachibowli","20–24","Student (undergraduate)","Swiggy One (any plan);Zomato Gold","1–3 times","Never","Yes","4","3","0","0","Swiggy","1200","3–4 people","No, the extra charges on top were too much","₹230 total, arrives in 45 minutes","₹230 total, late by 15+ minutes in about 3 of every 10 orders","₹260 total, has most of your usual restaurants","₹30","Definitely","Probably","Service P","Cheaper","Probably","Agree","Yes","I'd heard of it, but never opened it","","Instagram / YouTube","I'm happy with my current app or membership","","","","","","","","","","","","","","","","","","","","","","","","","","","","","","","","","","","","","","","","","","","","","","","","","","","","","","","","","","","","","","","","","",""
"2026/09/18 3:52:15 PM GMT+5:30","Hyderabad","Financial District / Nanakramguda","20–24","Student (undergraduate)","Swiggy One (any plan);Zomato Gold","1–3 times","1–3 times","Yes","3","3","0","1","Zomato","299","2 people","No, the extra charges on top were too much","₹230 total, arrives in 45 minutes","₹230 total, late by 15+ minutes in about 3 of every 10 orders","₹260 total, has most of your usual restaurants","₹30","Probably","Probably","I genuinely can't choose between them","","Not sure","Strongly agree","Yes","I'd heard of it, but never opened it","","Inside the Rapido app","I'm happy with my current app or membership","","","","","","","","","","","","","","","","","","","","","","","","","","","","","","","","","","","","","","","","","","","","","","","","","","","","","","","","","","","","","","","","","",""
"2026/09/18 3:56:35 PM GMT+5:30","Hyderabad","Gachibowli","20–24","Student (undergraduate)","Zomato Gold","1–3 times","1–3 times","Yes","0","5","0","1","Zomato","3000","5 or more people","No, the food itself was overpriced","₹260 total, arrives in 30 minutes","₹260 total, late by 15+ minutes in about 1 of every 10 orders","₹230 total, has only a few of your usual restaurants","₹75","Probably","Probably not","Service P","Cheaper","Probably not","Agree","Not sure","I'd heard of it, but never opened it","","Inside the Rapido app","I'm happy with my current app or membership","","","","","","","","","","","","","","","","","","","","","","","","","","","","","","","","","","","","","","","","","","","","","","","","","","","","","","","","","","","","","","","","","","No"
"2026/09/18 3:56:43 PM GMT+5:30","Hyderabad","Another part of Hyderabad","Over 35","","","","","","","","","","","","","","","","","","","","","","","","","","","","","","","","","","","","","","","","","","","","","","","","","","","","","","","","","","","","","","","","","","","","","","","","","","","","","","","","","","","","","","","","","","","","","",""
"2026/09/18 3:58:03 PM GMT+5:30","Hyderabad","Gachibowli","20–24","Student (undergraduate)","Swiggy One (any plan);Zomato Gold;Another food delivery membership","Never","Never","Yes","11","3","0","4","Swiggy","206","Just me","No, the extra charges on top were too much","₹230 total, arrives in 45 minutes","₹230 total, late by 15+ minutes in about 3 of every 10 orders","₹230 total, has only a few of your usual restaurants","₹20","Definitely","Probably","Service Q","It has more variety of restaurants and i would need that more often than not","Not sure","Agree","Yes","I'd heard of it, but never opened it","","Instagram / YouTube","Just haven't got around to it","","","","","","","","","","","","","","","","","","","","","","","","","","","","","","","","","","","","","","","","","","","","","","","","","","","","","","","","","","","","","","","","","",""
"2026/09/18 3:58:39 PM GMT+5:30","Hyderabad","Financial District / Nanakramguda","Over 35","","","","","","","","","","","","","","","","","","","","","","","","","","","","","","","","","","","","","","","","","","","","","","","","","","","","","","","","","","","","","","","","","","","","","","","","","","","","","","","","","","","","","","","","","","","","","",""
"2026/09/18 3:59:01 PM GMT+5:30","Hyderabad","Gachibowli","20–24","Student (undergraduate)","Swiggy One (any plan);Zomato Gold","Never","Never","Yes","2","3","0","1","Zomato","175","Just me","No, the food itself was overpriced","₹230 total, arrives in 45 minutes","₹230 total, late by 15+ minutes in about 3 of every 10 orders","₹230 total, has only a few of your usual restaurants","₹20","Probably","Probably","Service P","","Not sure","Strongly agree","I don't use the Rapido app","I opened or browsed it, but didn't order","","","","News, LinkedIn or Reddit","It didn't deliver to my address","","","","","","","","","","","","","","","","","","","","","","","","","","","","","","","","","","","","","","","","","","","","","","","","","","","","","","","","","","","","","","","",""
"2026/09/18 3:59:01 PM GMT+5:30","Hyderabad","Gachibowli","20–24","Student (undergraduate)","Swiggy One (any plan)","About once a week","About once a week","Yes","5","2","0","6","Swiggy","404","2 people","No, the extra charges on top were too much","₹230 total, arrives in 45 minutes","₹260 total, late by 15+ minutes in about 1 of every 10 orders","₹260 total, has most of your usual restaurants","₹50","Definitely","Definitely","I genuinely can't choose between them","It depends on craving","Not sure","Strongly agree","No","I hadn't heard of Ownly","Seeing it's cheaper than Swiggy/Zomato for the same order","","","","","","","","","","","","","","","","","","","","","","","","","","","","","","","","","","","","","","","","","","","","","","","","","","","","","","","","","","","","","","","","","","","",""
"2026/09/18 3:59:42 PM GMT+5:30","Hyderabad","Gachibowli","Under 20","","","","","","","","","","","","","","","","","","","","","","","","","","","","","","","","","","","","","","","","","","","","","","","","","","","","","","","","","","","","","","","","","","","","","","","","","","","","","","","","","","","","","","","","","","","","","",""
"2026/09/18 4:00:31 PM GMT+5:30","Hyderabad","Gachibowli","Under 20","","","","","","","","","","","","","","","","","","","","","","","","","","","","","","","","","","","","","","","","","","","","","","","","","","","","","","","","","","","","","","","","","","","","","","","","","","","","","","","","","","","","","","","","","","","","","",""
"2026/09/18 4:02:47 PM GMT+5:30","Hyderabad","Another part of Hyderabad","30–35","Working full-time","Swiggy One (any plan);Zomato Gold","1–3 times","1–3 times","Yes","1","2","0","0","Zomato","1000","3–4 people","Yes, it felt fair","₹230 total, arrives in 45 minutes","₹260 total, late by 15+ minutes in about 1 of every 10 orders","₹260 total, has most of your usual restaurants","Don't know","Probably","Probably","I genuinely can't choose between them","","Probably","Agree","No","I hadn't heard of Ownly","Nothing, I'm happy with how I order now","","","","","","","","","","","","","","","","","","","","","","","","","","","","","","","","","","","","","","","","","","","","","","","","","","","","","","","","","","","","","","","","","","","",""
"2026/09/18 4:03:10 PM GMT+5:30","Hyderabad","Gachibowli","Under 20","","","","","","","","","","","","","","","","","","","","","","","","","","","","","","","","","","","","","","","","","","","","","","","","","","","","","","","","","","","","","","","","","","","","","","","","","","","","","","","","","","","","","","","","","","","","","",""
"2026/09/18 4:03:52 PM GMT+5:30","Hyderabad","Another part of Hyderabad","25–29","Working full-time","Swiggy One (any plan);Zomato Gold","1–3 times","1–3 times","Yes","2","1","0","0","Zomato","820","3–4 people","No, the extra charges on top were too much","₹230 total, arrives in 45 minutes","₹230 total, late by 15+ minutes in about 3 of every 10 orders","₹260 total, has most of your usual restaurants","₹10","Probably","Probably","Service P","Price difference in final order","Probably not","Strongly agree","Not sure","I hadn't heard of Ownly","Seeing it's cheaper than Swiggy/Zomato for the same order","","","","","","","","","","","","","","","","","","","","","","","","","","","","","","","","","","","","","","","","","","","","","","","","","","","","","","","","","","","","","","","","","","","","No"
"2026/09/18 4:05:04 PM GMT+5:30","Hyderabad","Gachibowli","20–24","Student (undergraduate)","None","Never","Never","Yes","3","0","0","0","Swiggy","289","Just me","I didn't really look at the breakdown","₹230 total, arrives in 45 minutes","₹230 total, late by 15+ minutes in about 3 of every 10 orders","₹260 total, has most of your usual restaurants","₹20","Probably","Not sure","Service P","","Probably not","Agree","I don't use the Rapido app","I'd heard of it, but never opened it","","Don't remember","I'm happy with my current app or membership","","","","","","","","","","","","","","","","","","","","","","","","","","","","","","","","","","","","","","","","","","","","","","","","","","","","","","","","","","","","","","","","","",""
"2026/09/18 4:09:17 PM GMT+5:30","Hyderabad","Gachibowli","20–24","Student (undergraduate)","Swiggy One (any plan);Zomato Gold","About once a week","About once a week","Yes","3","7","0","0","Zomato","0","3–4 people","No, the extra charges on top were too much","₹230 total, arrives in 45 minutes","₹260 total, late by 15+ minutes in about 1 of every 10 orders","₹230 total, has only a few of your usual restaurants","₹50","Probably","Probably","Service Q","","Probably not","Agree","No","I hadn't heard of Ownly","My usual restaurants being on it","","","","","","","","","","","","","","","","","","","","","","","","","","","","","","","","","","","","","","","","","","","","","","","","","","","","","","","","","","","","","","","","","","","",""
"2026/09/18 4:11:51 PM GMT+5:30","Hyderabad","Another part of Hyderabad","30–35","Student (postgraduate / PhD)","Swiggy One (any plan);Zomato Gold","1–3 times","About once a week","Yes","2","2","0","9","Swiggy","900","3–4 people","No, the extra charges on top were too much","₹260 total, arrives in 30 minutes","₹260 total, late by 15+ minutes in about 1 of every 10 orders","₹260 total, has most of your usual restaurants","Don't know","Probably","Probably","I genuinely can't choose between them","","Probably","Agree","No","I hadn't heard of Ownly","Nothing, I'm happy with how I order now","","","","","","","","","","","","","","","","","","","","","","","","","","","","","","","","","","","","","","","","","","","","","","","","","","","","","","","","","","","","","","","","","","","",""
"2026/09/18 4:16:58 PM GMT+5:30","Bengaluru","","","","","","","","","","","","","","","","","","","","","","","","","","","","","","","","","","","","","","","","Hebbal / Yelahanka / North Bengaluru","20–24","Working full-time","Zomato Gold","1–3 times","Yes","3","2","0","3","Zomato","600","2 people","No, the extra charges on top were too much","₹260 total, arrives in 30 minutes","₹230 total, late by 15+ minutes in about 3 of every 10 orders","₹260 total, has most of your usual restaurants","₹30","Probably","Probably","Service Q","Reliability and repeat ability over discount or performance- although i strongly believe restaurants have enough margins to take the hit of delivery irrespective of the cost - so pricing and delivery should be optimal along with speed but if i had to prioritise for consumer will be availability and reliability.","Probably","Agree","Yes","I'd heard of it, but never opened it","","Friends, classmates or colleagues","I don't want another app on my phone","","","","","","","","","","","","","","","","","","","","","","","","","","","",""
"2026/09/18 4:17:13 PM GMT+5:30","Hyderabad","Gachibowli","20–24","Student (undergraduate)","Swiggy One (any plan);Zomato Gold","Never","Never","Yes","0","1","0","2","Zomato","330","2 people","Yes, it felt fair","₹230 total, arrives in 45 minutes","₹260 total, late by 15+ minutes in about 1 of every 10 orders","₹260 total, has most of your usual restaurants","Don't know","Not sure","Definitely","Service Q","","Probably","Agree","No","I hadn't heard of Ownly","A promise of a quick refund if an order goes wrong","","","","","","","","","","","","","","","","","","","","","","","","","","","","","","","","","","","","","","","","","","","","","","","","","","","","","","","","","","","","","","","","","","","","No"
"2026/09/18 4:24:58 PM GMT+5:30","Another city","","","","","","","","","","","","","","","","","","","","","","","","","","","","","","","","","","","","","","","","","","","","","","","","","","","","","","","","","","","","","","","","","","","","","","","","","","","","","","Another Indian city","20–24","Student (undergraduate)","Swiggy One (any plan);Zomato Gold","Yes","0","17","0","0","Zomato","330","Just me","No, the food itself was overpriced","No","I hadn't heard of Ownly","Seeing it's cheaper than Swiggy/Zomato for the same order","","","Yes"
"2026/09/18 4:25:59 PM GMT+5:30","Hyderabad","Gachibowli","Under 20","","","","","","","","","","","","","","","","","","","","","","","","","","","","","","","","","","","","","","","","","","","","","","","","","","","","","","","","","","","","","","","","","","","","","","","","","","","","","","","","","","","","","","","","","","","","","",""
"2026/09/18 4:29:03 PM GMT+5:30","Another city","","","","","","","","","","","","","","","","","","","","","","","","","","","","","","","","","","","","","","","","","","","","","","","","","","","","","","","","","","","","","","","","","","","","","","","","","","","","","","Another Indian city","Under 18","","","","","","","","","","","","","","","","",""
"2026/09/18 4:29:13 PM GMT+5:30","Bengaluru","","","","","","","","","","","","","","","","","","","","","","","","","","","","","","","","","","","","","","","","Whitefield / Marathahalli / Bellandur / Sarjapur Road","30–35","Working full-time","Zomato Gold","Never","Yes","0","4","0","2","Zomato","2500","2 people","No, the extra charges on top were too much","₹230 total, arrives in 45 minutes","₹230 total, late by 15+ minutes in about 3 of every 10 orders","₹260 total, has most of your usual restaurants","₹100 or more","Probably","Definitely","Service Q","Actual delivery time and fair price ","Probably","Agree","Not sure","I hadn't heard of Ownly","Paying by cash on delivery or meal card (Pluxee / Zeta)","","","","","","","","","","","","","","","","","","","","","","","","","","","","","",""
"2026/09/18 4:32:26 PM GMT+5:30","Hyderabad","Gachibowli","25–29","Student (postgraduate / PhD)","Swiggy One (any plan)","Never","Never","Yes","21","0","0","0","Swiggy","450","Just me","Yes, it felt fair","₹260 total, arrives in 30 minutes","₹260 total, late by 15+ minutes in about 1 of every 10 orders","₹260 total, has most of your usual restaurants","No amount, price alone wouldn't make me switch","Definitely not","Definitely","Service Q","It isn’t just about price, it’s the logistics and the overall experience I have with booking, and customer support.","Definitely","Agree","I don't use the Rapido app","I hadn't heard of Ownly","Nothing, I'm happy with how I order now","","","","","","","","","","","","","","","","","","","","","","","","","","","","","","","","","","","","","","","","","","","","","","","","","","","","","","","","","","","","","","","","","","","",""
"2026/09/18 4:32:56 PM GMT+5:30","Hyderabad","Another part of Hyderabad","30–35","Working full-time","Swiggy One (any plan);Zomato Gold","1–3 times","1–3 times","Yes","0","12","0","7","EatSure","250","Just me","No, the food itself was overpriced","₹260 total, arrives in 30 minutes","₹260 total, late by 15+ minutes in about 1 of every 10 orders","₹230 total, has only a few of your usual restaurants","No amount, price alone wouldn't make me switch","Definitely","Definitely","Service Q","The food I like, not what's available","Probably","Strongly agree","No","I'd heard of it, but never opened it","","Don't remember","Not sure it delivers to my area","","","","","","","","","","","","","","","","","","","","","","","","","","","","","","","","","","","","","","","","","","","","","","","","","","","","","","","","","","","","","","","","","",""
"2026/09/18 4:34:45 PM GMT+5:30","Another city","","","","","","","","","","","","","","","","","","","","","","","","","","","","","","","","","","","","","","","","","","","","","","","","","","","","","","","","","","","","","","","","","","","","","","","","","","","","","","Another Indian city","18–24","Student (undergraduate)","Swiggy One (any plan);Zomato Gold","Yes","18","11","0","0","Swiggy","275","2 people","Yes, it felt fair","No","I hadn't heard of Ownly","Seeing it's cheaper than Swiggy/Zomato for the same order","","","9346739561"
"2026/09/18 4:35:07 PM GMT+5:30","Another city","","","","","","","","","","","","","","","","","","","","","","","","","","","","","","","","","","","","","","","","","","","","","","","","","","","","","","","","","","","","","","","","","","","","","","","","","","","","","","Mumbai","25–29","Working full-time","Swiggy One (any plan);Zomato Gold","Yes","1","2","0","0","Zomato","9842","Just me","Yes, it felt fair","No","I'd heard of it","Nothing, I'm happy with how I order now","","",""
"2026/09/18 4:37:12 PM GMT+5:30","Hyderabad","Serilingampally / Nallagandla / Tellapur","Over 35","","","","","","","","","","","","","","","","","","","","","","","","","","","","","","","","","","","","","","","","","","","","","","","","","","","","","","","","","","","","","","","","","","","","","","","","","","","","","","","","","","","","","","","","","","","","","",""
"2026/09/18 4:43:16 PM GMT+5:30","Hyderabad","Serilingampally / Nallagandla / Tellapur","Over 35","","","","","","","","","","","","","","","","","","","","","","","","","","","","","","","","","","","","","","","","","","","","","","","","","","","","","","","","","","","","","","","","","","","","","","","","","","","","","","","","","","","","","","","","","","","","","",""
"2026/09/18 4:46:59 PM GMT+5:30","Bengaluru","","","","","","","","","","","","","","","","","","","","","","","","","","","","","","","","","","","","","","","","Hebbal / Yelahanka / North Bengaluru","18–24","Student (undergraduate)","Swiggy One (any plan);Zomato Gold","1–3 times","Yes","0","4","0","0","Zomato","152","Just me","Yes, it felt fair","₹230 total, arrives in 45 minutes","₹230 total, late by 15+ minutes in about 3 of every 10 orders","₹230 total, has only a few of your usual restaurants","₹30","Definitely not","Not sure","Service P","price","Probably","Agree","No","I've ordered on Ownly","","","","","","Friends, classmates or colleagues","1–3 months ago","2","Ordered the same on Swiggy or Zomato","Not disappointed","Offers ended","More offers and coupons","","","","","","","","","","","","","","","","","","",""
"2026/09/18 4:48:45 PM GMT+5:30","Hyderabad","Another part of Hyderabad","25–29","Looking for a job","Swiggy One (any plan);Zomato Gold","1–3 times","1–3 times","Yes","5","2","0","0","Swiggy","800","2 people","Yes, it felt fair","₹260 total, arrives in 30 minutes","₹260 total, late by 15+ minutes in about 1 of every 10 orders","₹260 total, has most of your usual restaurants","₹100 or more","Definitely","Definitely","Service Q","May be better service and better information iam getting from Q","Probably","Strongly agree","No","I hadn't heard of Ownly","Seeing it's cheaper than Swiggy/Zomato for the same order","","","","","","","","","","","","","","","","","","","","","","","","","","","","","","","","","","","","","","","","","","","","","","","","","","","","","","","","","","","","","","","","","","","","8074236015"
"2026/09/18 5:05:24 PM GMT+5:30","Bengaluru","","","","","","","","","","","","","","","","","","","","","","","","","","","","","","","","","","","","","","","","Another part of Bengaluru","Under 18","","","","","","","","","","","","","","","","","","","","","","","","","","","","","","","","","","","","","","","","","","","","","","","","","","","","","","",""
"2026/09/18 5:05:30 PM GMT+5:30","Bengaluru","","","","","","","","","","","","","","","","","","","","","","","","","","","","","","","","","","","","","","","","Electronic City / Bommanahalli","25–29","Studying and working (internship / part-time)","Swiggy One (any plan);Zomato Gold","About once a week","Yes","8","8","0","0","Swiggy","1500","3–4 people","No, the extra charges on top were too much","₹230 total, arrives in 45 minutes","₹230 total, late by 15+ minutes in about 3 of every 10 orders","₹230 total, has only a few of your usual restaurants","₹100 or more","Definitely","Definitely","Service Q","Information is key","Probably","Strongly agree","No","I'd heard of it, but never opened it","","Friends, classmates or colleagues","Just haven't got around to it","","","","","","","","","","","","","","","","","","","","","","","","","","","",""
"2026/09/18 5:12:12 PM GMT+5:30","Hyderabad","Another part of Hyderabad","18–24","Working full-time","Swiggy One (any plan);Zomato Gold;Another food delivery membership","Several times a week","Several times a week","Yes","4","2","0","3","Swiggy","1500","3–4 people","Yes, it felt fair","₹230 total, arrives in 45 minutes","₹260 total, late by 15+ minutes in about 1 of every 10 orders","₹230 total, has only a few of your usual restaurants","₹100 or more","Probably","Definitely","Service Q","The fact that all the restaurants I locally prefer are present in Q","Probably","Strongly agree","No","I hadn't heard of Ownly","My usual restaurants being on it","","","","","","","","","","","","","","","","","","","","","","","","","","","","","","","","","","","","","","","","","","","","","","","","","","","","","","","","","","","","","","","","","","","","9390647305"